> Task :checkKotlinGradlePluginConfigurationErrors SKIPPED
> Task :compileKotlin UP-TO-DATE
> Task :compileJava NO-SOURCE
> Task :processResources UP-TO-DATE
> Task :classes UP-TO-DATE

> Task :run
11:20:16,589 |-INFO in ch.qos.logback.classic.LoggerContext[default] - This is logback-classic version 1.5.16
11:20:16,591 |-INFO in ch.qos.logback.classic.util.ContextInitializer@d554c5f - No custom configurators were discovered as a service.
11:20:16,591 |-INFO in ch.qos.logback.classic.util.ContextInitializer@d554c5f - Trying to configure with ch.qos.logback.classic.joran.SerializedModelConfigurator
11:20:16,592 |-INFO in ch.qos.logback.classic.util.ContextInitializer@d554c5f - Constructed configurator of type class ch.qos.logback.classic.joran.SerializedModelConfigurator
11:20:16,598 |-INFO in ch.qos.logback.classic.LoggerContext[default] - Could NOT find resource [logback-test.scmo]
11:20:16,598 |-INFO in ch.qos.logback.classic.LoggerContext[default] - Could NOT find resource [logback.scmo]
11:20:16,607 |-INFO in ch.qos.logback.classic.util.ContextInitializer@d554c5f - ch.qos.logback.classic.joran.SerializedModelConfigurator.configure() call lasted 7 milliseconds. ExecutionStatus=INVOKE_NEXT_IF_ANY
11:20:16,607 |-INFO in ch.qos.logback.classic.util.ContextInitializer@d554c5f - Trying to configure with ch.qos.logback.classic.util.DefaultJoranConfigurator
11:20:16,608 |-INFO in ch.qos.logback.classic.util.ContextInitializer@d554c5f - Constructed configurator of type class ch.qos.logback.classic.util.DefaultJoranConfigurator
11:20:16,608 |-INFO in ch.qos.logback.classic.LoggerContext[default] - Could NOT find resource [logback-test.xml]
11:20:16,613 |-INFO in ch.qos.logback.classic.LoggerContext[default] - Found resource [logback.xml] at [file:/home/nm/study/databases_course4/build/resources/main/logback.xml]
11:20:16,613 |-WARN in ch.qos.logback.classic.util.DefaultJoranConfigurator@2dfaea86 - Resource [logback.xml] occurs multiple times on the classpath.
11:20:16,614 |-WARN in ch.qos.logback.classic.util.DefaultJoranConfigurator@2dfaea86 - Resource [logback.xml] occurs at [jar:file:/home/nm/.gradle/caches/modules-2/files-2.1/io.swagger.codegen.v3/swagger-codegen-generators/1.0.57/ee9164b617cd895be3bb7bb01150a307f0382122/swagger-codegen-generators-1.0.57.jar!/logback.xml]
11:20:16,614 |-WARN in ch.qos.logback.classic.util.DefaultJoranConfigurator@2dfaea86 - Resource [logback.xml] occurs at [file:/home/nm/study/databases_course4/build/resources/main/logback.xml]
11:20:16,728 |-INFO in ch.qos.logback.core.model.processor.AppenderModelHandler - Processing appender named [STDOUT]
11:20:16,728 |-INFO in ch.qos.logback.core.model.processor.AppenderModelHandler - About to instantiate appender of type [ch.qos.logback.core.ConsoleAppender]
11:20:16,737 |-INFO in ch.qos.logback.core.model.processor.ImplicitModelHandler - Assuming default type [ch.qos.logback.classic.encoder.PatternLayoutEncoder] for [encoder] property
11:20:16,792 |-INFO in ch.qos.logback.core.ConsoleAppender[STDOUT] - BEWARE: Writing to the console can be very slow. Avoid logging to the 
11:20:16,792 |-INFO in ch.qos.logback.core.ConsoleAppender[STDOUT] - console in production environments, especially in high volume systems.
11:20:16,792 |-INFO in ch.qos.logback.core.ConsoleAppender[STDOUT] - See also https://logback.qos.ch/codes.html#slowConsole
11:20:16,792 |-INFO in ch.qos.logback.classic.model.processor.RootLoggerModelHandler - Setting level of ROOT logger to INFO
11:20:16,793 |-INFO in ch.qos.logback.core.model.processor.AppenderRefModelHandler - Attaching appender named [STDOUT] to Logger[ROOT]
11:20:16,794 |-INFO in ch.qos.logback.classic.model.processor.LoggerModelHandler - Setting level of logger [org.eclipse.jetty] to INFO
11:20:16,794 |-INFO in ch.qos.logback.classic.model.processor.LoggerModelHandler - Setting level of logger [io.netty] to INFO
11:20:16,794 |-INFO in ch.qos.logback.core.model.processor.DefaultProcessor@15888343 - End of configuration.
11:20:16,794 |-INFO in ch.qos.logback.classic.joran.JoranConfigurator@33ecda92 - Registering current configuration as safe fallback point
11:20:16,794 |-INFO in ch.qos.logback.classic.util.ContextInitializer@d554c5f - ch.qos.logback.classic.util.DefaultJoranConfigurator.configure() call lasted 186 milliseconds. ExecutionStatus=DO_NOT_INVOKE_NEXT_IF_ANY

2026-04-06 11:20:17.076 [main] INFO  Application - Autoreload is disabled because the development mode is off.
2026-04-06 11:20:17.430 [main] INFO  o.a.k.c.producer.ProducerConfig - ProducerConfig values: 
	acks = -1
	auto.include.jmx.reporter = true
	batch.size = 16384
	bootstrap.servers = [localhost:9092, localhost:9093, localhost:9094]
	buffer.memory = 33554432
	client.dns.lookup = use_all_dns_ips
	client.id = producer-1
	compression.type = none
	connections.max.idle.ms = 540000
	delivery.timeout.ms = 120000
	enable.idempotence = true
	enable.metrics.push = true
	interceptor.classes = []
	key.serializer = class org.apache.kafka.common.serialization.StringSerializer
	linger.ms = 0
	max.block.ms = 60000
	max.in.flight.requests.per.connection = 5
	max.request.size = 1048576
	metadata.max.age.ms = 300000
	metadata.max.idle.ms = 300000
	metric.reporters = []
	metrics.num.samples = 2
	metrics.recording.level = INFO
	metrics.sample.window.ms = 30000
	partitioner.adaptive.partitioning.enable = true
	partitioner.availability.timeout.ms = 0
	partitioner.class = null
	partitioner.ignore.keys = false
	receive.buffer.bytes = 32768
	reconnect.backoff.max.ms = 1000
	reconnect.backoff.ms = 50
	request.timeout.ms = 30000
	retries = 2147483647
	retry.backoff.max.ms = 1000
	retry.backoff.ms = 100
	sasl.client.callback.handler.class = null
	sasl.jaas.config = null
	sasl.kerberos.kinit.cmd = /usr/bin/kinit
	sasl.kerberos.min.time.before.relogin = 60000
	sasl.kerberos.service.name = null
	sasl.kerberos.ticket.renew.jitter = 0.05
	sasl.kerberos.ticket.renew.window.factor = 0.8
	sasl.login.callback.handler.class = null
	sasl.login.class = null
	sasl.login.connect.timeout.ms = null
	sasl.login.read.timeout.ms = null
	sasl.login.refresh.buffer.seconds = 300
	sasl.login.refresh.min.period.seconds = 60
	sasl.login.refresh.window.factor = 0.8
	sasl.login.refresh.window.jitter = 0.05
	sasl.login.retry.backoff.max.ms = 10000
	sasl.login.retry.backoff.ms = 100
	sasl.mechanism = GSSAPI
	sasl.oauthbearer.clock.skew.seconds = 30
	sasl.oauthbearer.expected.audience = null
	sasl.oauthbearer.expected.issuer = null
	sasl.oauthbearer.jwks.endpoint.refresh.ms = 3600000
	sasl.oauthbearer.jwks.endpoint.retry.backoff.max.ms = 10000
	sasl.oauthbearer.jwks.endpoint.retry.backoff.ms = 100
	sasl.oauthbearer.jwks.endpoint.url = null
	sasl.oauthbearer.scope.claim.name = scope
	sasl.oauthbearer.sub.claim.name = sub
	sasl.oauthbearer.token.endpoint.url = null
	security.protocol = PLAINTEXT
	security.providers = null
	send.buffer.bytes = 131072
	socket.connection.setup.timeout.max.ms = 30000
	socket.connection.setup.timeout.ms = 10000
	ssl.cipher.suites = null
	ssl.enabled.protocols = [TLSv1.2, TLSv1.3]
	ssl.endpoint.identification.algorithm = https
	ssl.engine.factory.class = null
	ssl.key.password = null
	ssl.keymanager.algorithm = SunX509
	ssl.keystore.certificate.chain = null
	ssl.keystore.key = null
	ssl.keystore.location = null
	ssl.keystore.password = null
	ssl.keystore.type = JKS
	ssl.protocol = TLSv1.3
	ssl.provider = null
	ssl.secure.random.implementation = null
	ssl.trustmanager.algorithm = PKIX
	ssl.truststore.certificates = null
	ssl.truststore.location = null
	ssl.truststore.password = null
	ssl.truststore.type = JKS
	transaction.timeout.ms = 60000
	transactional.id = null
	value.serializer = class org.apache.kafka.common.serialization.StringSerializer

2026-04-06 11:20:17.479 [main] INFO  o.a.k.c.t.i.KafkaMetricsCollector - initializing Kafka metrics collector
2026-04-06 11:20:17.626 [main] INFO  o.a.k.clients.producer.KafkaProducer - [Producer clientId=producer-1] Instantiated an idempotent producer.
2026-04-06 11:20:17.680 [main] INFO  o.a.kafka.common.utils.AppInfoParser - Kafka version: 3.7.0
2026-04-06 11:20:17.681 [main] INFO  o.a.kafka.common.utils.AppInfoParser - Kafka commitId: 2ae524ed625438c5
2026-04-06 11:20:17.681 [main] INFO  o.a.kafka.common.utils.AppInfoParser - Kafka startTimeMs: 1775449217679
2026-04-06 11:20:17.687 [main] INFO  Application - Kafka producer initialized with bootstrapServers=localhost:9092,localhost:9093,localhost:9094, topic=library_events, groupId=library-consumers
2026-04-06 11:20:17.713 [main] INFO  o.a.k.c.consumer.ConsumerConfig - ConsumerConfig values: 
	allow.auto.create.topics = true
	auto.commit.interval.ms = 5000
	auto.include.jmx.reporter = true
	auto.offset.reset = earliest
	bootstrap.servers = [localhost:9092, localhost:9093, localhost:9094]
	check.crcs = true
	client.dns.lookup = use_all_dns_ips
	client.id = consumer-library-consumers-1
	client.rack = 
	connections.max.idle.ms = 540000
	default.api.timeout.ms = 60000
	enable.auto.commit = true
	enable.metrics.push = true
	exclude.internal.topics = true
	fetch.max.bytes = 52428800
	fetch.max.wait.ms = 500
	fetch.min.bytes = 1
	group.id = library-consumers
	group.instance.id = null
	group.protocol = classic
	group.remote.assignor = null
	heartbeat.interval.ms = 3000
	interceptor.classes = []
	internal.leave.group.on.close = true
	internal.throw.on.fetch.stable.offset.unsupported = false
	isolation.level = read_uncommitted
	key.deserializer = class org.apache.kafka.common.serialization.StringDeserializer
	max.partition.fetch.bytes = 1048576
	max.poll.interval.ms = 300000
	max.poll.records = 500
	metadata.max.age.ms = 300000
	metric.reporters = []
	metrics.num.samples = 2
	metrics.recording.level = INFO
	metrics.sample.window.ms = 30000
	partition.assignment.strategy = [class org.apache.kafka.clients.consumer.RangeAssignor, class org.apache.kafka.clients.consumer.CooperativeStickyAssignor]
	receive.buffer.bytes = 65536
	reconnect.backoff.max.ms = 1000
	reconnect.backoff.ms = 50
	request.timeout.ms = 30000
	retry.backoff.max.ms = 1000
	retry.backoff.ms = 100
	sasl.client.callback.handler.class = null
	sasl.jaas.config = null
	sasl.kerberos.kinit.cmd = /usr/bin/kinit
	sasl.kerberos.min.time.before.relogin = 60000
	sasl.kerberos.service.name = null
	sasl.kerberos.ticket.renew.jitter = 0.05
	sasl.kerberos.ticket.renew.window.factor = 0.8
	sasl.login.callback.handler.class = null
	sasl.login.class = null
	sasl.login.connect.timeout.ms = null
	sasl.login.read.timeout.ms = null
	sasl.login.refresh.buffer.seconds = 300
	sasl.login.refresh.min.period.seconds = 60
	sasl.login.refresh.window.factor = 0.8
	sasl.login.refresh.window.jitter = 0.05
	sasl.login.retry.backoff.max.ms = 10000
	sasl.login.retry.backoff.ms = 100
	sasl.mechanism = GSSAPI
	sasl.oauthbearer.clock.skew.seconds = 30
	sasl.oauthbearer.expected.audience = null
	sasl.oauthbearer.expected.issuer = null
	sasl.oauthbearer.jwks.endpoint.refresh.ms = 3600000
	sasl.oauthbearer.jwks.endpoint.retry.backoff.max.ms = 10000
	sasl.oauthbearer.jwks.endpoint.retry.backoff.ms = 100
	sasl.oauthbearer.jwks.endpoint.url = null
	sasl.oauthbearer.scope.claim.name = scope
	sasl.oauthbearer.sub.claim.name = sub
	sasl.oauthbearer.token.endpoint.url = null
	security.protocol = PLAINTEXT
	security.providers = null
	send.buffer.bytes = 131072
	session.timeout.ms = 45000
	socket.connection.setup.timeout.max.ms = 30000
	socket.connection.setup.timeout.ms = 10000
	ssl.cipher.suites = null
	ssl.enabled.protocols = [TLSv1.2, TLSv1.3]
	ssl.endpoint.identification.algorithm = https
	ssl.engine.factory.class = null
	ssl.key.password = null
	ssl.keymanager.algorithm = SunX509
	ssl.keystore.certificate.chain = null
	ssl.keystore.key = null
	ssl.keystore.location = null
	ssl.keystore.password = null
	ssl.keystore.type = JKS
	ssl.protocol = TLSv1.3
	ssl.provider = null
	ssl.secure.random.implementation = null
	ssl.trustmanager.algorithm = PKIX
	ssl.truststore.certificates = null
	ssl.truststore.location = null
	ssl.truststore.password = null
	ssl.truststore.type = JKS
	value.deserializer = class org.apache.kafka.common.serialization.StringDeserializer

2026-04-06 11:20:17.723 [main] INFO  o.a.k.c.t.i.KafkaMetricsCollector - initializing Kafka metrics collector
2026-04-06 11:20:17.769 [main] INFO  o.a.kafka.common.utils.AppInfoParser - Kafka version: 3.7.0
2026-04-06 11:20:17.770 [main] INFO  o.a.kafka.common.utils.AppInfoParser - Kafka commitId: 2ae524ed625438c5
2026-04-06 11:20:17.770 [main] INFO  o.a.kafka.common.utils.AppInfoParser - Kafka startTimeMs: 1775449217769
2026-04-06 11:20:17.773 [main] INFO  o.a.k.c.c.i.LegacyKafkaConsumer - [Consumer clientId=consumer-library-consumers-1, groupId=library-consumers] Subscribed to topic(s): library_events
2026-04-06 11:20:18.028 [kafka-producer-network-thread | producer-1] INFO  org.apache.kafka.clients.Metadata - [Producer clientId=producer-1] Cluster ID: MkU3OEVBNTcwNTJENDM2Qg
2026-04-06 11:20:18.029 [DefaultDispatcher-worker-1] INFO  org.apache.kafka.clients.Metadata - [Consumer clientId=consumer-library-consumers-1, groupId=library-consumers] Cluster ID: MkU3OEVBNTcwNTJENDM2Qg
2026-04-06 11:20:18.031 [DefaultDispatcher-worker-1] INFO  o.a.k.c.c.i.ConsumerCoordinator - [Consumer clientId=consumer-library-consumers-1, groupId=library-consumers] Discovered group coordinator localhost:9093 (id: 2147483645 rack: null)
2026-04-06 11:20:18.037 [kafka-producer-network-thread | producer-1] INFO  o.a.k.c.p.i.TransactionManager - [Producer clientId=producer-1] ProducerId set to 1001 with epoch 0
2026-04-06 11:20:18.042 [DefaultDispatcher-worker-1] INFO  o.a.k.c.c.i.ConsumerCoordinator - [Consumer clientId=consumer-library-consumers-1, groupId=library-consumers] (Re-)joining group
2026-04-06 11:20:18.055 [DefaultDispatcher-worker-1] INFO  o.a.k.c.c.i.ConsumerCoordinator - [Consumer clientId=consumer-library-consumers-1, groupId=library-consumers] Request joining group due to: need to re-join with the given member-id: consumer-library-consumers-1-beb2c2c8-a8fa-4eb7-b22e-cd298ac92f56
2026-04-06 11:20:18.055 [DefaultDispatcher-worker-1] INFO  o.a.k.c.c.i.ConsumerCoordinator - [Consumer clientId=consumer-library-consumers-1, groupId=library-consumers] (Re-)joining group
2026-04-06 11:20:18.072 [main] ERROR i.s.c.v.g.html.StaticHtml2Codegen - Swagger object description is empty [Library API]
2026-04-06 11:20:18.228 [main] WARN  i.s.c.v.g.DefaultCodegenConfig - Empty operationId found for path: post /api/clients. Renamed to auto-generated operationId: apiClientsPost
2026-04-06 11:20:18.247 [main] WARN  i.s.c.v.g.DefaultCodegenConfig - Empty operationId found for path: get /api/clients/{id}. Renamed to auto-generated operationId: apiClientsIdGet
2026-04-06 11:20:18.254 [main] WARN  i.s.c.v.g.DefaultCodegenConfig - Empty operationId found for path: delete /api/clients/{id}. Renamed to auto-generated operationId: apiClientsIdDelete
2026-04-06 11:20:18.256 [main] WARN  i.s.c.v.g.DefaultCodegenConfig - Empty operationId found for path: patch /api/clients/{id}. Renamed to auto-generated operationId: apiClientsIdPatch
2026-04-06 11:20:18.259 [main] WARN  i.s.c.v.g.DefaultCodegenConfig - Empty operationId found for path: post /api/offices. Renamed to auto-generated operationId: apiOfficesPost
2026-04-06 11:20:18.261 [main] WARN  i.s.c.v.g.DefaultCodegenConfig - Empty operationId found for path: get /api/offices/{id}. Renamed to auto-generated operationId: apiOfficesIdGet
2026-04-06 11:20:18.263 [main] WARN  i.s.c.v.g.DefaultCodegenConfig - Empty operationId found for path: delete /api/offices/{id}. Renamed to auto-generated operationId: apiOfficesIdDelete
2026-04-06 11:20:18.264 [main] WARN  i.s.c.v.g.DefaultCodegenConfig - Empty operationId found for path: patch /api/offices/{id}. Renamed to auto-generated operationId: apiOfficesIdPatch
2026-04-06 11:20:18.266 [main] WARN  i.s.c.v.g.DefaultCodegenConfig - Empty operationId found for path: post /api/books. Renamed to auto-generated operationId: apiBooksPost
2026-04-06 11:20:18.273 [main] WARN  i.s.c.v.g.DefaultCodegenConfig - Empty operationId found for path: get /api/books/{id}. Renamed to auto-generated operationId: apiBooksIdGet
2026-04-06 11:20:18.275 [main] WARN  i.s.c.v.g.DefaultCodegenConfig - Empty operationId found for path: delete /api/books/{id}. Renamed to auto-generated operationId: apiBooksIdDelete
2026-04-06 11:20:18.276 [main] WARN  i.s.c.v.g.DefaultCodegenConfig - Empty operationId found for path: patch /api/books/{id}. Renamed to auto-generated operationId: apiBooksIdPatch
2026-04-06 11:20:18.279 [main] WARN  i.s.c.v.g.DefaultCodegenConfig - Empty operationId found for path: post /api/books/{id}/copies. Renamed to auto-generated operationId: apiBooksIdCopiesPost
2026-04-06 11:20:18.281 [main] WARN  i.s.c.v.g.DefaultCodegenConfig - Empty operationId found for path: get /api/books/copies/{copyID}. Renamed to auto-generated operationId: apiBooksCopiesCopyIDGet
2026-04-06 11:20:18.282 [main] WARN  i.s.c.v.g.DefaultCodegenConfig - Empty operationId found for path: delete /api/books/copies/{copyID}. Renamed to auto-generated operationId: apiBooksCopiesCopyIDDelete
2026-04-06 11:20:18.283 [main] WARN  i.s.c.v.g.DefaultCodegenConfig - Empty operationId found for path: patch /api/books/copies/{copyID}. Renamed to auto-generated operationId: apiBooksCopiesCopyIDPatch
2026-04-06 11:20:18.286 [main] WARN  i.s.c.v.g.DefaultCodegenConfig - Empty operationId found for path: post /api/fines. Renamed to auto-generated operationId: apiFinesPost
2026-04-06 11:20:18.290 [main] WARN  i.s.c.v.g.DefaultCodegenConfig - Empty operationId found for path: get /api/fines/{id}. Renamed to auto-generated operationId: apiFinesIdGet
2026-04-06 11:20:18.292 [main] WARN  i.s.c.v.g.DefaultCodegenConfig - Empty operationId found for path: delete /api/fines/{id}. Renamed to auto-generated operationId: apiFinesIdDelete
2026-04-06 11:20:18.293 [main] WARN  i.s.c.v.g.DefaultCodegenConfig - Empty operationId found for path: patch /api/fines/{id}. Renamed to auto-generated operationId: apiFinesIdPatch
2026-04-06 11:20:18.295 [main] WARN  i.s.c.v.g.DefaultCodegenConfig - Empty operationId found for path: post /api/loans. Renamed to auto-generated operationId: apiLoansPost
2026-04-06 11:20:18.296 [main] WARN  i.s.c.v.g.DefaultCodegenConfig - Empty operationId found for path: get /api/loans/{id}. Renamed to auto-generated operationId: apiLoansIdGet
2026-04-06 11:20:18.298 [main] WARN  i.s.c.v.g.DefaultCodegenConfig - Empty operationId found for path: delete /api/loans/{id}. Renamed to auto-generated operationId: apiLoansIdDelete
2026-04-06 11:20:18.299 [main] WARN  i.s.c.v.g.DefaultCodegenConfig - Empty operationId found for path: patch /api/loans/{id}. Renamed to auto-generated operationId: apiLoansIdPatch
2026-04-06 11:20:18.300 [main] WARN  i.s.c.v.g.DefaultCodegenConfig - Empty operationId found for path: post /api/reservations. Renamed to auto-generated operationId: apiReservationsPost
2026-04-06 11:20:18.302 [main] WARN  i.s.c.v.g.DefaultCodegenConfig - Empty operationId found for path: get /api/reservations/{id}. Renamed to auto-generated operationId: apiReservationsIdGet
2026-04-06 11:20:18.303 [main] WARN  i.s.c.v.g.DefaultCodegenConfig - Empty operationId found for path: delete /api/reservations/{id}. Renamed to auto-generated operationId: apiReservationsIdDelete
2026-04-06 11:20:18.304 [main] WARN  i.s.c.v.g.DefaultCodegenConfig - Empty operationId found for path: post /api/returns. Renamed to auto-generated operationId: apiReturnsPost
2026-04-06 11:20:18.305 [main] WARN  i.s.c.v.g.DefaultCodegenConfig - Empty operationId found for path: get /api/returns/{id}. Renamed to auto-generated operationId: apiReturnsIdGet
2026-04-06 11:20:18.307 [main] WARN  i.s.c.v.g.DefaultCodegenConfig - Empty operationId found for path: delete /api/returns/{id}. Renamed to auto-generated operationId: apiReturnsIdDelete
2026-04-06 11:20:18.307 [main] WARN  i.s.c.v.g.DefaultCodegenConfig - Empty operationId found for path: get /api/loans/aggregateByOffices. Renamed to auto-generated operationId: apiLoansAggregateByOfficesGet
2026-04-06 11:20:18.314 [main] WARN  i.s.c.v.g.DefaultCodegenConfig - Empty operationId found for path: get /api/loans/overdueAggregateByOffices. Renamed to auto-generated operationId: apiLoansOverdueAggregateByOfficesGet
2026-04-06 11:20:18.316 [main] WARN  i.s.c.v.g.DefaultCodegenConfig - Empty operationId found for path: get /api/mongo-test/setup. Renamed to auto-generated operationId: apiMongo_testSetupGet
2026-04-06 11:20:18.317 [main] WARN  i.s.c.v.g.DefaultCodegenConfig - Empty operationId found for path: get /api/authors. Renamed to auto-generated operationId: apiAuthorsGet
2026-04-06 11:20:18.318 [main] WARN  i.s.c.v.g.DefaultCodegenConfig - Empty operationId found for path: post /api/authors. Renamed to auto-generated operationId: apiAuthorsPost
2026-04-06 11:20:18.319 [main] WARN  i.s.c.v.g.DefaultCodegenConfig - Empty operationId found for path: post /api/books/{bookId}/authors/{authorId}. Renamed to auto-generated operationId: apiBooksBookIdAuthorsAuthorIdPost
2026-04-06 11:20:18.320 [main] WARN  i.s.c.v.g.DefaultCodegenConfig - Empty operationId found for path: post /api/books/{bookId}/authors/{authorId}. Renamed to auto-generated operationId: apiBooksBookIdAuthorsAuthorIdPost
2026-04-06 11:20:18.322 [main] WARN  i.s.c.v.g.DefaultCodegenConfig - Empty operationId found for path: get /api/books/{mongoId}/authors. Renamed to auto-generated operationId: apiBooksMongoIdAuthorsGet
2026-04-06 11:20:18.324 [main] WARN  i.s.c.v.g.DefaultCodegenConfig - Empty operationId found for path: get /api/books/{mongoId}/authors. Renamed to auto-generated operationId: apiBooksMongoIdAuthorsGet
2026-04-06 11:20:20.031 [main] INFO  i.s.codegen.v3.AbstractGenerator - writing file docs/index.html
2026-04-06 11:20:20.043 [main] INFO  i.s.codegen.v3.AbstractGenerator - writing file docs/.swagger-codegen/VERSION
2026-04-06 11:20:20.098 [main] INFO  com.zaxxer.hikari.HikariDataSource - HikariPool-1 - Starting...
2026-04-06 11:20:20.288 [main] INFO  com.zaxxer.hikari.pool.HikariPool - HikariPool-1 - Added connection org.postgresql.jdbc.PgConnection@42ff9a77
2026-04-06 11:20:20.290 [main] INFO  com.zaxxer.hikari.HikariDataSource - HikariPool-1 - Start completed.
2026-04-06 11:20:20.453 [main] INFO  org.flywaydb.core.FlywayExecutor - Database: jdbc:postgresql://localhost:5435/postgres (PostgreSQL 16.10)
2026-04-06 11:20:20.518 [main] INFO  o.f.core.internal.command.DbValidate - Successfully validated 2 migrations (execution time 00:00.034s)
2026-04-06 11:20:20.593 [main] INFO  o.f.core.internal.command.DbMigrate - Current version of schema "public": 002
2026-04-06 11:20:20.594 [main] WARN  o.f.core.internal.command.DbMigrate - outOfOrder mode is active. Migration of schema "public" may not be reproducible.
2026-04-06 11:20:20.598 [main] INFO  o.f.core.internal.command.DbMigrate - Schema "public" is up to date. No migration necessary.
2026-04-06 11:20:20.740 [main] INFO  org.mongodb.driver.client - MongoClient with metadata {"driver": {"name": "mongo-java-driver|sync", "version": "4.10.2"}, "os": {"type": "Linux", "name": "Linux", "architecture": "amd64", "version": "6.17.0-20-generic"}, "platform": "Java/Ubuntu/21.0.10+7-Ubuntu-124.04"} created with settings MongoClientSettings{readPreference=primary, writeConcern=WriteConcern{w=null, wTimeout=null ms, journal=null}, retryWrites=true, retryReads=true, readConcern=ReadConcern{level=null}, credential=null, streamFactoryFactory=null, commandListeners=[], codecRegistry=ProvidersCodecRegistry{codecProviders=[ValueCodecProvider{}, BsonValueCodecProvider{}, DBRefCodecProvider{}, DBObjectCodecProvider{}, DocumentCodecProvider{}, CollectionCodecProvider{}, IterableCodecProvider{}, MapCodecProvider{}, GeoJsonCodecProvider{}, GridFSFileCodecProvider{}, Jsr310CodecProvider{}, JsonObjectCodecProvider{}, BsonCodecProvider{}, EnumCodecProvider{}, com.mongodb.client.model.mql.ExpressionCodecProvider@3f80d8c, com.mongodb.Jep395RecordCodecProvider@2d3b0978, com.mongodb.KotlinCodecProvider@5c60c08]}, loggerSettings=LoggerSettings{maxDocumentLength=1000}, clusterSettings={hosts=[localhost:27018], srvServiceName=mongodb, mode=SINGLE, requiredClusterType=UNKNOWN, requiredReplicaSetName='null', serverSelector='null', clusterListeners='[]', serverSelectionTimeout='30000 ms', localThreshold='30000 ms'}, socketSettings=SocketSettings{connectTimeoutMS=10000, readTimeoutMS=0, receiveBufferSize=0, sendBufferSize=0}, heartbeatSocketSettings=SocketSettings{connectTimeoutMS=10000, readTimeoutMS=10000, receiveBufferSize=0, sendBufferSize=0}, connectionPoolSettings=ConnectionPoolSettings{maxSize=20, minSize=0, maxWaitTimeMS=120000, maxConnectionLifeTimeMS=0, maxConnectionIdleTimeMS=0, maintenanceInitialDelayMS=0, maintenanceFrequencyMS=60000, connectionPoolListeners=[], maxConnecting=2}, serverSettings=ServerSettings{heartbeatFrequencyMS=10000, minHeartbeatFrequencyMS=500, serverListeners='[]', serverMonitorListeners='[]'}, sslSettings=SslSettings{enabled=false, invalidHostNameAllowed=false, context=null}, applicationName='null', compressorList=[], uuidRepresentation=UNSPECIFIED, serverApi=null, autoEncryptionSettings=null, dnsClient=null, inetAddressResolver=null, contextProvider=null}
2026-04-06 11:20:20.758 [main] INFO  org.mongodb.driver.cluster - Cluster description not yet available. Waiting for 30000 ms before timing out
2026-04-06 11:20:20.762 [cluster-ClusterId{value='69d334848b78c7132d9cd658', description='null'}-localhost:27018] INFO  org.mongodb.driver.cluster - Monitor thread successfully connected to server with description ServerDescription{address=localhost:27018, type=REPLICA_SET_PRIMARY, state=CONNECTED, ok=true, minWireVersion=0, maxWireVersion=17, maxDocumentSize=16777216, logicalSessionTimeoutMinutes=30, roundTripTimeNanos=20426745, setName='rs0', canonicalAddress=library_mongo:27017, hosts=[library_mongo:27017], passives=[], arbiters=[], primary='library_mongo:27017', tagSet=TagSet{[]}, electionId=7fffffff0000000000000014, setVersion=1, topologyVersion=TopologyVersion{processId=69d32eca8b276a11a4fa7887, counter=6}, lastWriteDate=Mon Apr 06 11:20:14 NOVT 2026, lastUpdateTimeNanos=43588185822428}
2026-04-06 11:20:20.903 [main] INFO  Application - Application started in 4.053 seconds.
2026-04-06 11:20:20.903 [Thread-3] INFO  o.a.k.c.consumer.ConsumerConfig - ConsumerConfig values: 
	allow.auto.create.topics = true
	auto.commit.interval.ms = 5000
	auto.include.jmx.reporter = true
	auto.offset.reset = latest
	bootstrap.servers = [localhost:9092]
	check.crcs = true
	client.dns.lookup = use_all_dns_ips
	client.id = consumer-inventory-group-3
	client.rack = 
	connections.max.idle.ms = 540000
	default.api.timeout.ms = 60000
	enable.auto.commit = false
	enable.metrics.push = true
	exclude.internal.topics = true
	fetch.max.bytes = 52428800
	fetch.max.wait.ms = 500
	fetch.min.bytes = 1
	group.id = inventory-group
	group.instance.id = null
	group.protocol = classic
	group.remote.assignor = null
	heartbeat.interval.ms = 3000
	interceptor.classes = []
	internal.leave.group.on.close = true
	internal.throw.on.fetch.stable.offset.unsupported = false
	isolation.level = read_uncommitted
	key.deserializer = class org.apache.kafka.common.serialization.StringDeserializer
	max.partition.fetch.bytes = 1048576
	max.poll.interval.ms = 300000
	max.poll.records = 500
	metadata.max.age.ms = 300000
	metric.reporters = []
	metrics.num.samples = 2
	metrics.recording.level = INFO
	metrics.sample.window.ms = 30000
	partition.assignment.strategy = [class org.apache.kafka.clients.consumer.RangeAssignor, class org.apache.kafka.clients.consumer.CooperativeStickyAssignor]
	receive.buffer.bytes = 65536
	reconnect.backoff.max.ms = 1000
	reconnect.backoff.ms = 50
	request.timeout.ms = 30000
	retry.backoff.max.ms = 1000
	retry.backoff.ms = 100
	sasl.client.callback.handler.class = null
	sasl.jaas.config = null
	sasl.kerberos.kinit.cmd = /usr/bin/kinit
	sasl.kerberos.min.time.before.relogin = 60000
	sasl.kerberos.service.name = null
	sasl.kerberos.ticket.renew.jitter = 0.05
	sasl.kerberos.ticket.renew.window.factor = 0.8
	sasl.login.callback.handler.class = null
	sasl.login.class = null
	sasl.login.connect.timeout.ms = null
	sasl.login.read.timeout.ms = null
	sasl.login.refresh.buffer.seconds = 300
	sasl.login.refresh.min.period.seconds = 60
	sasl.login.refresh.window.factor = 0.8
	sasl.login.refresh.window.jitter = 0.05
	sasl.login.retry.backoff.max.ms = 10000
	sasl.login.retry.backoff.ms = 100
	sasl.mechanism = GSSAPI
	sasl.oauthbearer.clock.skew.seconds = 30
	sasl.oauthbearer.expected.audience = null
	sasl.oauthbearer.expected.issuer = null
	sasl.oauthbearer.jwks.endpoint.refresh.ms = 3600000
	sasl.oauthbearer.jwks.endpoint.retry.backoff.max.ms = 10000
	sasl.oauthbearer.jwks.endpoint.retry.backoff.ms = 100
	sasl.oauthbearer.jwks.endpoint.url = null
	sasl.oauthbearer.scope.claim.name = scope
	sasl.oauthbearer.sub.claim.name = sub
	sasl.oauthbearer.token.endpoint.url = null
	security.protocol = PLAINTEXT
	security.providers = null
	send.buffer.bytes = 131072
	session.timeout.ms = 45000
	socket.connection.setup.timeout.max.ms = 30000
	socket.connection.setup.timeout.ms = 10000
	ssl.cipher.suites = null
	ssl.enabled.protocols = [TLSv1.2, TLSv1.3]
	ssl.endpoint.identification.algorithm = https
	ssl.engine.factory.class = null
	ssl.key.password = null
	ssl.keymanager.algorithm = SunX509
	ssl.keystore.certificate.chain = null
	ssl.keystore.key = null
	ssl.keystore.location = null
	ssl.keystore.password = null
	ssl.keystore.type = JKS
	ssl.protocol = TLSv1.3
	ssl.provider = null
	ssl.secure.random.implementation = null
	ssl.trustmanager.algorithm = PKIX
	ssl.truststore.certificates = null
	ssl.truststore.location = null
	ssl.truststore.password = null
	ssl.truststore.type = JKS
	value.deserializer = class org.apache.kafka.common.serialization.StringDeserializer

2026-04-06 11:20:20.903 [Thread-4] INFO  o.a.k.c.consumer.ConsumerConfig - ConsumerConfig values: 
	allow.auto.create.topics = true
	auto.commit.interval.ms = 5000
	auto.include.jmx.reporter = true
	auto.offset.reset = latest
	bootstrap.servers = [localhost:9092]
	check.crcs = true
	client.dns.lookup = use_all_dns_ips
	client.id = consumer-analytics-group-2
	client.rack = 
	connections.max.idle.ms = 540000
	default.api.timeout.ms = 60000
	enable.auto.commit = true
	enable.metrics.push = true
	exclude.internal.topics = true
	fetch.max.bytes = 52428800
	fetch.max.wait.ms = 500
	fetch.min.bytes = 1
	group.id = analytics-group
	group.instance.id = null
	group.protocol = classic
	group.remote.assignor = null
	heartbeat.interval.ms = 3000
	interceptor.classes = []
	internal.leave.group.on.close = true
	internal.throw.on.fetch.stable.offset.unsupported = false
	isolation.level = read_uncommitted
	key.deserializer = class org.apache.kafka.common.serialization.StringDeserializer
	max.partition.fetch.bytes = 1048576
	max.poll.interval.ms = 300000
	max.poll.records = 500
	metadata.max.age.ms = 300000
	metric.reporters = []
	metrics.num.samples = 2
	metrics.recording.level = INFO
	metrics.sample.window.ms = 30000
	partition.assignment.strategy = [class org.apache.kafka.clients.consumer.RangeAssignor, class org.apache.kafka.clients.consumer.CooperativeStickyAssignor]
	receive.buffer.bytes = 65536
	reconnect.backoff.max.ms = 1000
	reconnect.backoff.ms = 50
	request.timeout.ms = 30000
	retry.backoff.max.ms = 1000
	retry.backoff.ms = 100
	sasl.client.callback.handler.class = null
	sasl.jaas.config = null
	sasl.kerberos.kinit.cmd = /usr/bin/kinit
	sasl.kerberos.min.time.before.relogin = 60000
	sasl.kerberos.service.name = null
	sasl.kerberos.ticket.renew.jitter = 0.05
	sasl.kerberos.ticket.renew.window.factor = 0.8
	sasl.login.callback.handler.class = null
	sasl.login.class = null
	sasl.login.connect.timeout.ms = null
	sasl.login.read.timeout.ms = null
	sasl.login.refresh.buffer.seconds = 300
	sasl.login.refresh.min.period.seconds = 60
	sasl.login.refresh.window.factor = 0.8
	sasl.login.refresh.window.jitter = 0.05
	sasl.login.retry.backoff.max.ms = 10000
	sasl.login.retry.backoff.ms = 100
	sasl.mechanism = GSSAPI
	sasl.oauthbearer.clock.skew.seconds = 30
	sasl.oauthbearer.expected.audience = null
	sasl.oauthbearer.expected.issuer = null
	sasl.oauthbearer.jwks.endpoint.refresh.ms = 3600000
	sasl.oauthbearer.jwks.endpoint.retry.backoff.max.ms = 10000
	sasl.oauthbearer.jwks.endpoint.retry.backoff.ms = 100
	sasl.oauthbearer.jwks.endpoint.url = null
	sasl.oauthbearer.scope.claim.name = scope
	sasl.oauthbearer.sub.claim.name = sub
	sasl.oauthbearer.token.endpoint.url = null
	security.protocol = PLAINTEXT
	security.providers = null
	send.buffer.bytes = 131072
	session.timeout.ms = 45000
	socket.connection.setup.timeout.max.ms = 30000
	socket.connection.setup.timeout.ms = 10000
	ssl.cipher.suites = null
	ssl.enabled.protocols = [TLSv1.2, TLSv1.3]
	ssl.endpoint.identification.algorithm = https
	ssl.engine.factory.class = null
	ssl.key.password = null
	ssl.keymanager.algorithm = SunX509
	ssl.keystore.certificate.chain = null
	ssl.keystore.key = null
	ssl.keystore.location = null
	ssl.keystore.password = null
	ssl.keystore.type = JKS
	ssl.protocol = TLSv1.3
	ssl.provider = null
	ssl.secure.random.implementation = null
	ssl.trustmanager.algorithm = PKIX
	ssl.truststore.certificates = null
	ssl.truststore.location = null
	ssl.truststore.password = null
	ssl.truststore.type = JKS
	value.deserializer = class org.apache.kafka.common.serialization.StringDeserializer

2026-04-06 11:20:20.904 [Thread-4] INFO  o.a.k.c.t.i.KafkaMetricsCollector - initializing Kafka metrics collector
2026-04-06 11:20:20.904 [Thread-3] INFO  o.a.k.c.t.i.KafkaMetricsCollector - initializing Kafka metrics collector
2026-04-06 11:20:20.915 [Thread-3] INFO  o.a.kafka.common.utils.AppInfoParser - Kafka version: 3.7.0
2026-04-06 11:20:20.915 [Thread-3] INFO  o.a.kafka.common.utils.AppInfoParser - Kafka commitId: 2ae524ed625438c5
2026-04-06 11:20:20.915 [Thread-3] INFO  o.a.kafka.common.utils.AppInfoParser - Kafka startTimeMs: 1775449220915
2026-04-06 11:20:20.916 [Thread-4] INFO  o.a.kafka.common.utils.AppInfoParser - Kafka version: 3.7.0
2026-04-06 11:20:20.916 [Thread-4] INFO  o.a.kafka.common.utils.AppInfoParser - Kafka commitId: 2ae524ed625438c5
2026-04-06 11:20:20.916 [Thread-4] INFO  o.a.kafka.common.utils.AppInfoParser - Kafka startTimeMs: 1775449220915
2026-04-06 11:20:20.916 [Thread-3] INFO  o.a.k.c.c.i.LegacyKafkaConsumer - [Consumer clientId=consumer-inventory-group-3, groupId=inventory-group] Subscribed to topic(s): library.book-events
2026-04-06 11:20:20.916 [Thread-4] INFO  o.a.k.c.c.i.LegacyKafkaConsumer - [Consumer clientId=consumer-analytics-group-2, groupId=analytics-group] Subscribed to topic(s): library.book-events
2026-04-06 11:20:20.923 [Thread-4] INFO  org.apache.kafka.clients.Metadata - [Consumer clientId=consumer-analytics-group-2, groupId=analytics-group] Cluster ID: MkU3OEVBNTcwNTJENDM2Qg
2026-04-06 11:20:20.923 [Thread-3] INFO  org.apache.kafka.clients.Metadata - [Consumer clientId=consumer-inventory-group-3, groupId=inventory-group] Cluster ID: MkU3OEVBNTcwNTJENDM2Qg
2026-04-06 11:20:20.924 [Thread-4] INFO  o.a.k.c.c.i.ConsumerCoordinator - [Consumer clientId=consumer-analytics-group-2, groupId=analytics-group] Discovered group coordinator localhost:9092 (id: 2147483646 rack: null)
2026-04-06 11:20:20.924 [Thread-3] INFO  o.a.k.c.c.i.ConsumerCoordinator - [Consumer clientId=consumer-inventory-group-3, groupId=inventory-group] Discovered group coordinator localhost:9093 (id: 2147483645 rack: null)
2026-04-06 11:20:20.925 [Thread-3] INFO  o.a.k.c.c.i.ConsumerCoordinator - [Consumer clientId=consumer-inventory-group-3, groupId=inventory-group] (Re-)joining group
2026-04-06 11:20:20.927 [Thread-4] INFO  o.a.k.c.c.i.ConsumerCoordinator - [Consumer clientId=consumer-analytics-group-2, groupId=analytics-group] (Re-)joining group
2026-04-06 11:20:20.930 [Thread-4] INFO  o.a.k.c.c.i.ConsumerCoordinator - [Consumer clientId=consumer-analytics-group-2, groupId=analytics-group] Request joining group due to: need to re-join with the given member-id: consumer-analytics-group-2-3584865f-fa8c-42f3-a6a4-8ba217ef5124
2026-04-06 11:20:20.930 [Thread-3] INFO  o.a.k.c.c.i.ConsumerCoordinator - [Consumer clientId=consumer-inventory-group-3, groupId=inventory-group] Request joining group due to: need to re-join with the given member-id: consumer-inventory-group-3-a46aa3b6-62de-41f6-95d9-a3155448e831
2026-04-06 11:20:20.931 [Thread-3] INFO  o.a.k.c.c.i.ConsumerCoordinator - [Consumer clientId=consumer-inventory-group-3, groupId=inventory-group] (Re-)joining group
2026-04-06 11:20:20.931 [Thread-4] INFO  o.a.k.c.c.i.ConsumerCoordinator - [Consumer clientId=consumer-analytics-group-2, groupId=analytics-group] (Re-)joining group
2026-04-06 11:20:20.969 [Thread-5] INFO  o.apache.kafka.streams.StreamsConfig - StreamsConfig values: 
	acceptable.recovery.lag = 10000
	application.id = book-stats-app-1775449220903
	application.server = 
	auto.include.jmx.reporter = true
	bootstrap.servers = [localhost:9092]
	buffered.records.per.partition = 1000
	built.in.metrics.version = latest
	cache.max.bytes.buffering = 10485760
	client.id = 
	commit.interval.ms = 30000
	connections.max.idle.ms = 540000
	default.client.supplier = class org.apache.kafka.streams.processor.internals.DefaultKafkaClientSupplier
	default.deserialization.exception.handler = class org.apache.kafka.streams.errors.LogAndFailExceptionHandler
	default.dsl.store = rocksDB
	default.key.serde = class org.apache.kafka.common.serialization.Serdes$StringSerde
	default.list.key.serde.inner = null
	default.list.key.serde.type = null
	default.list.value.serde.inner = null
	default.list.value.serde.type = null
	default.production.exception.handler = class org.apache.kafka.streams.errors.DefaultProductionExceptionHandler
	default.timestamp.extractor = class org.apache.kafka.streams.processor.FailOnInvalidTimestamp
	default.value.serde = class org.apache.kafka.common.serialization.Serdes$StringSerde
	dsl.store.suppliers.class = class org.apache.kafka.streams.state.BuiltInDslStoreSuppliers$RocksDBDslStoreSuppliers
	enable.metrics.push = true
	max.task.idle.ms = 0
	max.warmup.replicas = 2
	metadata.max.age.ms = 300000
	metric.reporters = []
	metrics.num.samples = 2
	metrics.recording.level = INFO
	metrics.sample.window.ms = 30000
	num.standby.replicas = 0
	num.stream.threads = 1
	poll.ms = 100
	probing.rebalance.interval.ms = 600000
	processing.guarantee = at_least_once
	rack.aware.assignment.non_overlap_cost = null
	rack.aware.assignment.strategy = none
	rack.aware.assignment.tags = []
	rack.aware.assignment.traffic_cost = null
	receive.buffer.bytes = 32768
	reconnect.backoff.max.ms = 1000
	reconnect.backoff.ms = 50
	repartition.purge.interval.ms = 30000
	replication.factor = -1
	request.timeout.ms = 40000
	retries = 0
	retry.backoff.ms = 100
	rocksdb.config.setter = null
	security.protocol = PLAINTEXT
	send.buffer.bytes = 131072
	state.cleanup.delay.ms = 600000
	state.dir = /tmp/kafka-streams
	statestore.cache.max.bytes = 10485760
	task.timeout.ms = 300000
	topology.optimization = none
	upgrade.from = null
	window.size.ms = null
	windowed.inner.class.serde = null
	windowstore.changelog.additional.retention.ms = 86400000

2026-04-06 11:20:21.001 [Thread-5] WARN  o.a.k.s.p.internals.StateDirectory - Using an OS temp directory in the state.dir property can cause failures with writing the checkpoint file due to the fact that this directory can be cleared by the OS. Resolved state.dir: [/tmp/kafka-streams]
2026-04-06 11:20:21.004 [Thread-5] INFO  o.a.k.s.p.internals.StateDirectory - No process id found on disk, got fresh process id 7ab3d783-6464-4e83-955b-b52b0aa8419f
2026-04-06 11:20:21.008 [DefaultDispatcher-worker-3] INFO  Application - Responding at http://0.0.0.0:8080
2026-04-06 11:20:21.016 [Thread-5] INFO  o.a.k.c.admin.AdminClientConfig - AdminClientConfig values: 
	auto.include.jmx.reporter = true
	bootstrap.controllers = []
	bootstrap.servers = [localhost:9092]
	client.dns.lookup = use_all_dns_ips
	client.id = book-stats-app-1775449220903-7ab3d783-6464-4e83-955b-b52b0aa8419f-admin
	connections.max.idle.ms = 300000
	default.api.timeout.ms = 60000
	enable.metrics.push = true
	metadata.max.age.ms = 300000
	metric.reporters = []
	metrics.num.samples = 2
	metrics.recording.level = INFO
	metrics.sample.window.ms = 30000
	receive.buffer.bytes = 65536
	reconnect.backoff.max.ms = 1000
	reconnect.backoff.ms = 50
	request.timeout.ms = 30000
	retries = 2147483647
	retry.backoff.max.ms = 1000
	retry.backoff.ms = 100
	sasl.client.callback.handler.class = null
	sasl.jaas.config = null
	sasl.kerberos.kinit.cmd = /usr/bin/kinit
	sasl.kerberos.min.time.before.relogin = 60000
	sasl.kerberos.service.name = null
	sasl.kerberos.ticket.renew.jitter = 0.05
	sasl.kerberos.ticket.renew.window.factor = 0.8
	sasl.login.callback.handler.class = null
	sasl.login.class = null
	sasl.login.connect.timeout.ms = null
	sasl.login.read.timeout.ms = null
	sasl.login.refresh.buffer.seconds = 300
	sasl.login.refresh.min.period.seconds = 60
	sasl.login.refresh.window.factor = 0.8
	sasl.login.refresh.window.jitter = 0.05
	sasl.login.retry.backoff.max.ms = 10000
	sasl.login.retry.backoff.ms = 100
	sasl.mechanism = GSSAPI
	sasl.oauthbearer.clock.skew.seconds = 30
	sasl.oauthbearer.expected.audience = null
	sasl.oauthbearer.expected.issuer = null
	sasl.oauthbearer.jwks.endpoint.refresh.ms = 3600000
	sasl.oauthbearer.jwks.endpoint.retry.backoff.max.ms = 10000
	sasl.oauthbearer.jwks.endpoint.retry.backoff.ms = 100
	sasl.oauthbearer.jwks.endpoint.url = null
	sasl.oauthbearer.scope.claim.name = scope
	sasl.oauthbearer.sub.claim.name = sub
	sasl.oauthbearer.token.endpoint.url = null
	security.protocol = PLAINTEXT
	security.providers = null
	send.buffer.bytes = 131072
	socket.connection.setup.timeout.max.ms = 30000
	socket.connection.setup.timeout.ms = 10000
	ssl.cipher.suites = null
	ssl.enabled.protocols = [TLSv1.2, TLSv1.3]
	ssl.endpoint.identification.algorithm = https
	ssl.engine.factory.class = null
	ssl.key.password = null
	ssl.keymanager.algorithm = SunX509
	ssl.keystore.certificate.chain = null
	ssl.keystore.key = null
	ssl.keystore.location = null
	ssl.keystore.password = null
	ssl.keystore.type = JKS
	ssl.protocol = TLSv1.3
	ssl.provider = null
	ssl.secure.random.implementation = null
	ssl.trustmanager.algorithm = PKIX
	ssl.truststore.certificates = null
	ssl.truststore.location = null
	ssl.truststore.password = null
	ssl.truststore.type = JKS

2026-04-06 11:20:21.035 [Thread-5] INFO  o.a.kafka.common.utils.AppInfoParser - Kafka version: 3.7.0
2026-04-06 11:20:21.035 [Thread-5] INFO  o.a.kafka.common.utils.AppInfoParser - Kafka commitId: 2ae524ed625438c5
2026-04-06 11:20:21.035 [Thread-5] INFO  o.a.kafka.common.utils.AppInfoParser - Kafka startTimeMs: 1775449221035
2026-04-06 11:20:21.036 [Thread-5] INFO  o.apache.kafka.streams.KafkaStreams - stream-client [book-stats-app-1775449220903-7ab3d783-6464-4e83-955b-b52b0aa8419f] Kafka Streams version: 3.7.0
2026-04-06 11:20:21.036 [Thread-5] INFO  o.apache.kafka.streams.KafkaStreams - stream-client [book-stats-app-1775449220903-7ab3d783-6464-4e83-955b-b52b0aa8419f] Kafka Streams commit ID: 2ae524ed625438c5
2026-04-06 11:20:21.047 [Thread-5] INFO  o.a.k.s.p.internals.StreamThread - stream-thread [book-stats-app-1775449220903-7ab3d783-6464-4e83-955b-b52b0aa8419f-StreamThread-1] Creating restore consumer client
2026-04-06 11:20:21.048 [Thread-5] INFO  o.a.k.c.consumer.ConsumerConfig - ConsumerConfig values: 
	allow.auto.create.topics = true
	auto.commit.interval.ms = 5000
	auto.include.jmx.reporter = true
	auto.offset.reset = none
	bootstrap.servers = [localhost:9092]
	check.crcs = true
	client.dns.lookup = use_all_dns_ips
	client.id = book-stats-app-1775449220903-7ab3d783-6464-4e83-955b-b52b0aa8419f-StreamThread-1-restore-consumer
	client.rack = 
	connections.max.idle.ms = 540000
	default.api.timeout.ms = 60000
	enable.auto.commit = false
	enable.metrics.push = true
	exclude.internal.topics = true
	fetch.max.bytes = 52428800
	fetch.max.wait.ms = 500
	fetch.min.bytes = 1
	group.id = null
	group.instance.id = null
	group.protocol = classic
	group.remote.assignor = null
	heartbeat.interval.ms = 3000
	interceptor.classes = []
	internal.leave.group.on.close = false
	internal.throw.on.fetch.stable.offset.unsupported = false
	isolation.level = read_uncommitted
	key.deserializer = class org.apache.kafka.common.serialization.ByteArrayDeserializer
	max.partition.fetch.bytes = 1048576
	max.poll.interval.ms = 300000
	max.poll.records = 1000
	metadata.max.age.ms = 300000
	metric.reporters = []
	metrics.num.samples = 2
	metrics.recording.level = INFO
	metrics.sample.window.ms = 30000
	partition.assignment.strategy = [class org.apache.kafka.clients.consumer.RangeAssignor, class org.apache.kafka.clients.consumer.CooperativeStickyAssignor]
	receive.buffer.bytes = 65536
	reconnect.backoff.max.ms = 1000
	reconnect.backoff.ms = 50
	request.timeout.ms = 30000
	retry.backoff.max.ms = 1000
	retry.backoff.ms = 100
	sasl.client.callback.handler.class = null
	sasl.jaas.config = null
	sasl.kerberos.kinit.cmd = /usr/bin/kinit
	sasl.kerberos.min.time.before.relogin = 60000
	sasl.kerberos.service.name = null
	sasl.kerberos.ticket.renew.jitter = 0.05
	sasl.kerberos.ticket.renew.window.factor = 0.8
	sasl.login.callback.handler.class = null
	sasl.login.class = null
	sasl.login.connect.timeout.ms = null
	sasl.login.read.timeout.ms = null
	sasl.login.refresh.buffer.seconds = 300
	sasl.login.refresh.min.period.seconds = 60
	sasl.login.refresh.window.factor = 0.8
	sasl.login.refresh.window.jitter = 0.05
	sasl.login.retry.backoff.max.ms = 10000
	sasl.login.retry.backoff.ms = 100
	sasl.mechanism = GSSAPI
	sasl.oauthbearer.clock.skew.seconds = 30
	sasl.oauthbearer.expected.audience = null
	sasl.oauthbearer.expected.issuer = null
	sasl.oauthbearer.jwks.endpoint.refresh.ms = 3600000
	sasl.oauthbearer.jwks.endpoint.retry.backoff.max.ms = 10000
	sasl.oauthbearer.jwks.endpoint.retry.backoff.ms = 100
	sasl.oauthbearer.jwks.endpoint.url = null
	sasl.oauthbearer.scope.claim.name = scope
	sasl.oauthbearer.sub.claim.name = sub
	sasl.oauthbearer.token.endpoint.url = null
	security.protocol = PLAINTEXT
	security.providers = null
	send.buffer.bytes = 131072
	session.timeout.ms = 45000
	socket.connection.setup.timeout.max.ms = 30000
	socket.connection.setup.timeout.ms = 10000
	ssl.cipher.suites = null
	ssl.enabled.protocols = [TLSv1.2, TLSv1.3]
	ssl.endpoint.identification.algorithm = https
	ssl.engine.factory.class = null
	ssl.key.password = null
	ssl.keymanager.algorithm = SunX509
	ssl.keystore.certificate.chain = null
	ssl.keystore.key = null
	ssl.keystore.location = null
	ssl.keystore.password = null
	ssl.keystore.type = JKS
	ssl.protocol = TLSv1.3
	ssl.provider = null
	ssl.secure.random.implementation = null
	ssl.trustmanager.algorithm = PKIX
	ssl.truststore.certificates = null
	ssl.truststore.location = null
	ssl.truststore.password = null
	ssl.truststore.type = JKS
	value.deserializer = class org.apache.kafka.common.serialization.ByteArrayDeserializer

2026-04-06 11:20:21.049 [Thread-5] INFO  o.a.k.c.t.i.KafkaMetricsCollector - initializing Kafka metrics collector
2026-04-06 11:20:21.052 [Thread-5] INFO  o.a.kafka.common.utils.AppInfoParser - Kafka version: 3.7.0
2026-04-06 11:20:21.053 [Thread-5] INFO  o.a.kafka.common.utils.AppInfoParser - Kafka commitId: 2ae524ed625438c5
2026-04-06 11:20:21.053 [Thread-5] INFO  o.a.kafka.common.utils.AppInfoParser - Kafka startTimeMs: 1775449221052
2026-04-06 11:20:21.058 [Thread-5] INFO  o.a.k.s.p.internals.StreamThread - stream-thread [book-stats-app-1775449220903-7ab3d783-6464-4e83-955b-b52b0aa8419f-StreamThread-1] Creating thread producer client
2026-04-06 11:20:21.060 [Thread-5] INFO  o.a.k.c.producer.ProducerConfig - ProducerConfig values: 
	acks = -1
	auto.include.jmx.reporter = true
	batch.size = 16384
	bootstrap.servers = [localhost:9092]
	buffer.memory = 33554432
	client.dns.lookup = use_all_dns_ips
	client.id = book-stats-app-1775449220903-7ab3d783-6464-4e83-955b-b52b0aa8419f-StreamThread-1-producer
	compression.type = none
	connections.max.idle.ms = 540000
	delivery.timeout.ms = 120000
	enable.idempotence = true
	enable.metrics.push = true
	interceptor.classes = []
	key.serializer = class org.apache.kafka.common.serialization.ByteArraySerializer
	linger.ms = 100
	max.block.ms = 60000
	max.in.flight.requests.per.connection = 5
	max.request.size = 1048576
	metadata.max.age.ms = 300000
	metadata.max.idle.ms = 300000
	metric.reporters = []
	metrics.num.samples = 2
	metrics.recording.level = INFO
	metrics.sample.window.ms = 30000
	partitioner.adaptive.partitioning.enable = true
	partitioner.availability.timeout.ms = 0
	partitioner.class = null
	partitioner.ignore.keys = false
	receive.buffer.bytes = 32768
	reconnect.backoff.max.ms = 1000
	reconnect.backoff.ms = 50
	request.timeout.ms = 30000
	retries = 2147483647
	retry.backoff.max.ms = 1000
	retry.backoff.ms = 100
	sasl.client.callback.handler.class = null
	sasl.jaas.config = null
	sasl.kerberos.kinit.cmd = /usr/bin/kinit
	sasl.kerberos.min.time.before.relogin = 60000
	sasl.kerberos.service.name = null
	sasl.kerberos.ticket.renew.jitter = 0.05
	sasl.kerberos.ticket.renew.window.factor = 0.8
	sasl.login.callback.handler.class = null
	sasl.login.class = null
	sasl.login.connect.timeout.ms = null
	sasl.login.read.timeout.ms = null
	sasl.login.refresh.buffer.seconds = 300
	sasl.login.refresh.min.period.seconds = 60
	sasl.login.refresh.window.factor = 0.8
	sasl.login.refresh.window.jitter = 0.05
	sasl.login.retry.backoff.max.ms = 10000
	sasl.login.retry.backoff.ms = 100
	sasl.mechanism = GSSAPI
	sasl.oauthbearer.clock.skew.seconds = 30
	sasl.oauthbearer.expected.audience = null
	sasl.oauthbearer.expected.issuer = null
	sasl.oauthbearer.jwks.endpoint.refresh.ms = 3600000
	sasl.oauthbearer.jwks.endpoint.retry.backoff.max.ms = 10000
	sasl.oauthbearer.jwks.endpoint.retry.backoff.ms = 100
	sasl.oauthbearer.jwks.endpoint.url = null
	sasl.oauthbearer.scope.claim.name = scope
	sasl.oauthbearer.sub.claim.name = sub
	sasl.oauthbearer.token.endpoint.url = null
	security.protocol = PLAINTEXT
	security.providers = null
	send.buffer.bytes = 131072
	socket.connection.setup.timeout.max.ms = 30000
	socket.connection.setup.timeout.ms = 10000
	ssl.cipher.suites = null
	ssl.enabled.protocols = [TLSv1.2, TLSv1.3]
	ssl.endpoint.identification.algorithm = https
	ssl.engine.factory.class = null
	ssl.key.password = null
	ssl.keymanager.algorithm = SunX509
	ssl.keystore.certificate.chain = null
	ssl.keystore.key = null
	ssl.keystore.location = null
	ssl.keystore.password = null
	ssl.keystore.type = JKS
	ssl.protocol = TLSv1.3
	ssl.provider = null
	ssl.secure.random.implementation = null
	ssl.trustmanager.algorithm = PKIX
	ssl.truststore.certificates = null
	ssl.truststore.location = null
	ssl.truststore.password = null
	ssl.truststore.type = JKS
	transaction.timeout.ms = 60000
	transactional.id = null
	value.serializer = class org.apache.kafka.common.serialization.ByteArraySerializer

2026-04-06 11:20:21.060 [DefaultDispatcher-worker-1] INFO  o.a.k.c.c.i.ConsumerCoordinator - [Consumer clientId=consumer-library-consumers-1, groupId=library-consumers] Successfully joined group with generation Generation{generationId=3, memberId='consumer-library-consumers-1-beb2c2c8-a8fa-4eb7-b22e-cd298ac92f56', protocol='range'}
2026-04-06 11:20:21.061 [Thread-5] INFO  o.a.k.c.t.i.KafkaMetricsCollector - initializing Kafka metrics collector
2026-04-06 11:20:21.062 [Thread-5] INFO  o.a.k.clients.producer.KafkaProducer - [Producer clientId=book-stats-app-1775449220903-7ab3d783-6464-4e83-955b-b52b0aa8419f-StreamThread-1-producer] Instantiated an idempotent producer.
2026-04-06 11:20:21.066 [Thread-5] INFO  o.a.kafka.common.utils.AppInfoParser - Kafka version: 3.7.0
2026-04-06 11:20:21.066 [Thread-5] INFO  o.a.kafka.common.utils.AppInfoParser - Kafka commitId: 2ae524ed625438c5
2026-04-06 11:20:21.066 [Thread-5] INFO  o.a.kafka.common.utils.AppInfoParser - Kafka startTimeMs: 1775449221066
2026-04-06 11:20:21.068 [DefaultDispatcher-worker-1] INFO  o.a.k.c.c.i.ConsumerCoordinator - [Consumer clientId=consumer-library-consumers-1, groupId=library-consumers] Finished assignment for group at generation 3: {consumer-library-consumers-1-beb2c2c8-a8fa-4eb7-b22e-cd298ac92f56=Assignment(partitions=[library_events-0])}
2026-04-06 11:20:21.070 [kafka-producer-network-thread | book-stats-app-1775449220903-7ab3d783-6464-4e83-955b-b52b0aa8419f-StreamThread-1-producer] INFO  org.apache.kafka.clients.Metadata - [Producer clientId=book-stats-app-1775449220903-7ab3d783-6464-4e83-955b-b52b0aa8419f-StreamThread-1-producer] Cluster ID: MkU3OEVBNTcwNTJENDM2Qg
2026-04-06 11:20:21.070 [kafka-producer-network-thread | book-stats-app-1775449220903-7ab3d783-6464-4e83-955b-b52b0aa8419f-StreamThread-1-producer] INFO  o.a.k.c.p.i.TransactionManager - [Producer clientId=book-stats-app-1775449220903-7ab3d783-6464-4e83-955b-b52b0aa8419f-StreamThread-1-producer] ProducerId set to 6 with epoch 0
2026-04-06 11:20:21.071 [Thread-5] INFO  o.a.k.s.p.internals.StreamThread - stream-thread [book-stats-app-1775449220903-7ab3d783-6464-4e83-955b-b52b0aa8419f-StreamThread-1] Creating consumer client
2026-04-06 11:20:21.074 [Thread-5] INFO  o.a.k.c.consumer.ConsumerConfig - ConsumerConfig values: 
	allow.auto.create.topics = false
	auto.commit.interval.ms = 5000
	auto.include.jmx.reporter = true
	auto.offset.reset = earliest
	bootstrap.servers = [localhost:9092]
	check.crcs = true
	client.dns.lookup = use_all_dns_ips
	client.id = book-stats-app-1775449220903-7ab3d783-6464-4e83-955b-b52b0aa8419f-StreamThread-1-consumer
	client.rack = 
	connections.max.idle.ms = 540000
	default.api.timeout.ms = 60000
	enable.auto.commit = false
	enable.metrics.push = true
	exclude.internal.topics = true
	fetch.max.bytes = 52428800
	fetch.max.wait.ms = 500
	fetch.min.bytes = 1
	group.id = book-stats-app-1775449220903
	group.instance.id = null
	group.protocol = classic
	group.remote.assignor = null
	heartbeat.interval.ms = 3000
	interceptor.classes = []
	internal.leave.group.on.close = false
	internal.throw.on.fetch.stable.offset.unsupported = false
	isolation.level = read_uncommitted
	key.deserializer = class org.apache.kafka.common.serialization.ByteArrayDeserializer
	max.partition.fetch.bytes = 1048576
	max.poll.interval.ms = 300000
	max.poll.records = 1000
	metadata.max.age.ms = 300000
	metric.reporters = []
	metrics.num.samples = 2
	metrics.recording.level = INFO
	metrics.sample.window.ms = 30000
	partition.assignment.strategy = [org.apache.kafka.streams.processor.internals.StreamsPartitionAssignor]
	receive.buffer.bytes = 65536
	reconnect.backoff.max.ms = 1000
	reconnect.backoff.ms = 50
	request.timeout.ms = 30000
	retry.backoff.max.ms = 1000
	retry.backoff.ms = 100
	sasl.client.callback.handler.class = null
	sasl.jaas.config = null
	sasl.kerberos.kinit.cmd = /usr/bin/kinit
	sasl.kerberos.min.time.before.relogin = 60000
	sasl.kerberos.service.name = null
	sasl.kerberos.ticket.renew.jitter = 0.05
	sasl.kerberos.ticket.renew.window.factor = 0.8
	sasl.login.callback.handler.class = null
	sasl.login.class = null
	sasl.login.connect.timeout.ms = null
	sasl.login.read.timeout.ms = null
	sasl.login.refresh.buffer.seconds = 300
	sasl.login.refresh.min.period.seconds = 60
	sasl.login.refresh.window.factor = 0.8
	sasl.login.refresh.window.jitter = 0.05
	sasl.login.retry.backoff.max.ms = 10000
	sasl.login.retry.backoff.ms = 100
	sasl.mechanism = GSSAPI
	sasl.oauthbearer.clock.skew.seconds = 30
	sasl.oauthbearer.expected.audience = null
	sasl.oauthbearer.expected.issuer = null
	sasl.oauthbearer.jwks.endpoint.refresh.ms = 3600000
	sasl.oauthbearer.jwks.endpoint.retry.backoff.max.ms = 10000
	sasl.oauthbearer.jwks.endpoint.retry.backoff.ms = 100
	sasl.oauthbearer.jwks.endpoint.url = null
	sasl.oauthbearer.scope.claim.name = scope
	sasl.oauthbearer.sub.claim.name = sub
	sasl.oauthbearer.token.endpoint.url = null
	security.protocol = PLAINTEXT
	security.providers = null
	send.buffer.bytes = 131072
	session.timeout.ms = 45000
	socket.connection.setup.timeout.max.ms = 30000
	socket.connection.setup.timeout.ms = 10000
	ssl.cipher.suites = null
	ssl.enabled.protocols = [TLSv1.2, TLSv1.3]
	ssl.endpoint.identification.algorithm = https
	ssl.engine.factory.class = null
	ssl.key.password = null
	ssl.keymanager.algorithm = SunX509
	ssl.keystore.certificate.chain = null
	ssl.keystore.key = null
	ssl.keystore.location = null
	ssl.keystore.password = null
	ssl.keystore.type = JKS
	ssl.protocol = TLSv1.3
	ssl.provider = null
	ssl.secure.random.implementation = null
	ssl.trustmanager.algorithm = PKIX
	ssl.truststore.certificates = null
	ssl.truststore.location = null
	ssl.truststore.password = null
	ssl.truststore.type = JKS
	value.deserializer = class org.apache.kafka.common.serialization.ByteArrayDeserializer

2026-04-06 11:20:21.075 [Thread-5] INFO  o.a.k.c.t.i.KafkaMetricsCollector - initializing Kafka metrics collector
2026-04-06 11:20:21.078 [DefaultDispatcher-worker-1] INFO  o.a.k.c.c.i.ConsumerCoordinator - [Consumer clientId=consumer-library-consumers-1, groupId=library-consumers] Successfully synced group in generation Generation{generationId=3, memberId='consumer-library-consumers-1-beb2c2c8-a8fa-4eb7-b22e-cd298ac92f56', protocol='range'}
2026-04-06 11:20:21.079 [DefaultDispatcher-worker-1] INFO  o.a.k.c.c.i.ConsumerCoordinator - [Consumer clientId=consumer-library-consumers-1, groupId=library-consumers] Notifying assignor about the new Assignment(partitions=[library_events-0])
2026-04-06 11:20:21.082 [DefaultDispatcher-worker-1] INFO  o.a.k.c.c.i.ConsumerRebalanceListenerInvoker - [Consumer clientId=consumer-library-consumers-1, groupId=library-consumers] Adding newly assigned partitions: library_events-0
2026-04-06 11:20:21.087 [Thread-5] INFO  o.a.k.s.p.i.a.AssignorConfiguration - stream-thread [book-stats-app-1775449220903-7ab3d783-6464-4e83-955b-b52b0aa8419f-StreamThread-1-consumer] Cooperative rebalancing protocol is enabled now
2026-04-06 11:20:21.091 [Thread-5] INFO  o.a.kafka.common.utils.AppInfoParser - Kafka version: 3.7.0
2026-04-06 11:20:21.092 [Thread-5] INFO  o.a.kafka.common.utils.AppInfoParser - Kafka commitId: 2ae524ed625438c5
2026-04-06 11:20:21.092 [Thread-5] INFO  o.a.kafka.common.utils.AppInfoParser - Kafka startTimeMs: 1775449221091
2026-04-06 11:20:21.094 [DefaultDispatcher-worker-1] INFO  o.a.k.c.c.internals.ConsumerUtils - Setting offset for partition library_events-0 to the committed offset FetchPosition{offset=0, offsetEpoch=Optional.empty, currentLeader=LeaderAndEpoch{leader=Optional[localhost:9094 (id: 3 rack: null)], epoch=0}}
2026-04-06 11:20:21.102 [Thread-5] INFO  o.apache.kafka.streams.KafkaStreams - stream-client [book-stats-app-1775449220903-7ab3d783-6464-4e83-955b-b52b0aa8419f] State transition from CREATED to REBALANCING
2026-04-06 11:20:21.103 [Thread-5] INFO  o.apache.kafka.streams.KafkaStreams - stream-client [book-stats-app-1775449220903-7ab3d783-6464-4e83-955b-b52b0aa8419f] Started 1 stream threads
2026-04-06 11:20:21.103 [book-stats-app-1775449220903-7ab3d783-6464-4e83-955b-b52b0aa8419f-StreamThread-1] INFO  o.a.k.s.p.internals.StreamThread - stream-thread [book-stats-app-1775449220903-7ab3d783-6464-4e83-955b-b52b0aa8419f-StreamThread-1] Starting
2026-04-06 11:20:21.104 [book-stats-app-1775449220903-7ab3d783-6464-4e83-955b-b52b0aa8419f-StreamThread-1] INFO  o.a.k.s.p.internals.StreamThread - stream-thread [book-stats-app-1775449220903-7ab3d783-6464-4e83-955b-b52b0aa8419f-StreamThread-1] State transition from CREATED to STARTING
STREAM STARTED
2026-04-06 11:20:21.104 [book-stats-app-1775449220903-7ab3d783-6464-4e83-955b-b52b0aa8419f-StreamThread-1] INFO  o.a.k.c.c.i.LegacyKafkaConsumer - [Consumer clientId=book-stats-app-1775449220903-7ab3d783-6464-4e83-955b-b52b0aa8419f-StreamThread-1-consumer, groupId=book-stats-app-1775449220903] Subscribed to topic(s): book-stats-app-1775449220903-KSTREAM-AGGREGATE-STATE-STORE-0000000003-repartition, library.book-events
2026-04-06 11:20:21.113 [book-stats-app-1775449220903-7ab3d783-6464-4e83-955b-b52b0aa8419f-StreamThread-1] WARN  o.apache.kafka.clients.NetworkClient - [Consumer clientId=book-stats-app-1775449220903-7ab3d783-6464-4e83-955b-b52b0aa8419f-StreamThread-1-consumer, groupId=book-stats-app-1775449220903] Error while fetching metadata with correlation id 2 : {book-stats-app-1775449220903-KSTREAM-AGGREGATE-STATE-STORE-0000000003-repartition=UNKNOWN_TOPIC_OR_PARTITION}
2026-04-06 11:20:21.113 [book-stats-app-1775449220903-7ab3d783-6464-4e83-955b-b52b0aa8419f-StreamThread-1] INFO  org.apache.kafka.clients.Metadata - [Consumer clientId=book-stats-app-1775449220903-7ab3d783-6464-4e83-955b-b52b0aa8419f-StreamThread-1-consumer, groupId=book-stats-app-1775449220903] Cluster ID: MkU3OEVBNTcwNTJENDM2Qg
2026-04-06 11:20:21.114 [book-stats-app-1775449220903-7ab3d783-6464-4e83-955b-b52b0aa8419f-StreamThread-1] INFO  o.a.k.c.c.i.ConsumerCoordinator - [Consumer clientId=book-stats-app-1775449220903-7ab3d783-6464-4e83-955b-b52b0aa8419f-StreamThread-1-consumer, groupId=book-stats-app-1775449220903] Discovered group coordinator localhost:9093 (id: 2147483645 rack: null)
2026-04-06 11:20:21.115 [book-stats-app-1775449220903-7ab3d783-6464-4e83-955b-b52b0aa8419f-StreamThread-1] INFO  o.a.k.c.c.i.ConsumerCoordinator - [Consumer clientId=book-stats-app-1775449220903-7ab3d783-6464-4e83-955b-b52b0aa8419f-StreamThread-1-consumer, groupId=book-stats-app-1775449220903] (Re-)joining group
2026-04-06 11:20:21.126 [book-stats-app-1775449220903-7ab3d783-6464-4e83-955b-b52b0aa8419f-StreamThread-1] INFO  o.a.k.c.c.i.ConsumerCoordinator - [Consumer clientId=book-stats-app-1775449220903-7ab3d783-6464-4e83-955b-b52b0aa8419f-StreamThread-1-consumer, groupId=book-stats-app-1775449220903] Request joining group due to: need to re-join with the given member-id: book-stats-app-1775449220903-7ab3d783-6464-4e83-955b-b52b0aa8419f-StreamThread-1-consumer-f859d5f4-98f5-4513-941f-3da3dee85c58
2026-04-06 11:20:21.127 [book-stats-app-1775449220903-7ab3d783-6464-4e83-955b-b52b0aa8419f-StreamThread-1] INFO  o.a.k.c.c.i.ConsumerCoordinator - [Consumer clientId=book-stats-app-1775449220903-7ab3d783-6464-4e83-955b-b52b0aa8419f-StreamThread-1-consumer, groupId=book-stats-app-1775449220903] (Re-)joining group
2026-04-06 11:20:21.209 [book-stats-app-1775449220903-7ab3d783-6464-4e83-955b-b52b0aa8419f-StreamThread-1] INFO  o.a.k.s.p.internals.StreamThread - stream-thread [book-stats-app-1775449220903-7ab3d783-6464-4e83-955b-b52b0aa8419f-StreamThread-1] Processed 0 total records, ran 0 punctuators, and committed 0 total tasks since the last update
2026-04-06 11:20:21.215 [book-stats-app-1775449220903-7ab3d783-6464-4e83-955b-b52b0aa8419f-StreamThread-1] WARN  o.apache.kafka.clients.NetworkClient - [Consumer clientId=book-stats-app-1775449220903-7ab3d783-6464-4e83-955b-b52b0aa8419f-StreamThread-1-consumer, groupId=book-stats-app-1775449220903] Error while fetching metadata with correlation id 8 : {book-stats-app-1775449220903-KSTREAM-AGGREGATE-STATE-STORE-0000000003-repartition=UNKNOWN_TOPIC_OR_PARTITION}
2026-04-06 11:20:21.312 [book-stats-app-1775449220903-7ab3d783-6464-4e83-955b-b52b0aa8419f-StreamThread-1] WARN  o.apache.kafka.clients.NetworkClient - [Consumer clientId=book-stats-app-1775449220903-7ab3d783-6464-4e83-955b-b52b0aa8419f-StreamThread-1-consumer, groupId=book-stats-app-1775449220903] Error while fetching metadata with correlation id 9 : {book-stats-app-1775449220903-KSTREAM-AGGREGATE-STATE-STORE-0000000003-repartition=UNKNOWN_TOPIC_OR_PARTITION}
2026-04-06 11:20:21.515 [book-stats-app-1775449220903-7ab3d783-6464-4e83-955b-b52b0aa8419f-StreamThread-1] WARN  o.apache.kafka.clients.NetworkClient - [Consumer clientId=book-stats-app-1775449220903-7ab3d783-6464-4e83-955b-b52b0aa8419f-StreamThread-1-consumer, groupId=book-stats-app-1775449220903] Error while fetching metadata with correlation id 10 : {book-stats-app-1775449220903-KSTREAM-AGGREGATE-STATE-STORE-0000000003-repartition=UNKNOWN_TOPIC_OR_PARTITION}
2026-04-06 11:20:21.856 [book-stats-app-1775449220903-7ab3d783-6464-4e83-955b-b52b0aa8419f-StreamThread-1] WARN  o.apache.kafka.clients.NetworkClient - [Consumer clientId=book-stats-app-1775449220903-7ab3d783-6464-4e83-955b-b52b0aa8419f-StreamThread-1-consumer, groupId=book-stats-app-1775449220903] Error while fetching metadata with correlation id 11 : {book-stats-app-1775449220903-KSTREAM-AGGREGATE-STATE-STORE-0000000003-repartition=UNKNOWN_TOPIC_OR_PARTITION}
2026-04-06 11:20:22.698 [book-stats-app-1775449220903-7ab3d783-6464-4e83-955b-b52b0aa8419f-StreamThread-1] WARN  o.apache.kafka.clients.NetworkClient - [Consumer clientId=book-stats-app-1775449220903-7ab3d783-6464-4e83-955b-b52b0aa8419f-StreamThread-1-consumer, groupId=book-stats-app-1775449220903] Error while fetching metadata with correlation id 12 : {book-stats-app-1775449220903-KSTREAM-AGGREGATE-STATE-STORE-0000000003-repartition=UNKNOWN_TOPIC_OR_PARTITION}
2026-04-06 11:20:23.624 [book-stats-app-1775449220903-7ab3d783-6464-4e83-955b-b52b0aa8419f-StreamThread-1] WARN  o.apache.kafka.clients.NetworkClient - [Consumer clientId=book-stats-app-1775449220903-7ab3d783-6464-4e83-955b-b52b0aa8419f-StreamThread-1-consumer, groupId=book-stats-app-1775449220903] Error while fetching metadata with correlation id 13 : {book-stats-app-1775449220903-KSTREAM-AGGREGATE-STATE-STORE-0000000003-repartition=UNKNOWN_TOPIC_OR_PARTITION}
2026-04-06 11:20:23.935 [Thread-3] INFO  o.a.k.c.c.i.ConsumerCoordinator - [Consumer clientId=consumer-inventory-group-3, groupId=inventory-group] Successfully joined group with generation Generation{generationId=3, memberId='consumer-inventory-group-3-a46aa3b6-62de-41f6-95d9-a3155448e831', protocol='range'}
2026-04-06 11:20:23.935 [Thread-4] INFO  o.a.k.c.c.i.ConsumerCoordinator - [Consumer clientId=consumer-analytics-group-2, groupId=analytics-group] Successfully joined group with generation Generation{generationId=3, memberId='consumer-analytics-group-2-3584865f-fa8c-42f3-a6a4-8ba217ef5124', protocol='range'}
2026-04-06 11:20:23.936 [Thread-3] INFO  o.a.k.c.c.i.ConsumerCoordinator - [Consumer clientId=consumer-inventory-group-3, groupId=inventory-group] Finished assignment for group at generation 3: {consumer-inventory-group-3-a46aa3b6-62de-41f6-95d9-a3155448e831=Assignment(partitions=[library.book-events-0])}
2026-04-06 11:20:23.936 [Thread-4] INFO  o.a.k.c.c.i.ConsumerCoordinator - [Consumer clientId=consumer-analytics-group-2, groupId=analytics-group] Finished assignment for group at generation 3: {consumer-analytics-group-2-3584865f-fa8c-42f3-a6a4-8ba217ef5124=Assignment(partitions=[library.book-events-0])}
2026-04-06 11:20:23.941 [Thread-4] INFO  o.a.k.c.c.i.ConsumerCoordinator - [Consumer clientId=consumer-analytics-group-2, groupId=analytics-group] Successfully synced group in generation Generation{generationId=3, memberId='consumer-analytics-group-2-3584865f-fa8c-42f3-a6a4-8ba217ef5124', protocol='range'}
2026-04-06 11:20:23.941 [Thread-3] INFO  o.a.k.c.c.i.ConsumerCoordinator - [Consumer clientId=consumer-inventory-group-3, groupId=inventory-group] Successfully synced group in generation Generation{generationId=3, memberId='consumer-inventory-group-3-a46aa3b6-62de-41f6-95d9-a3155448e831', protocol='range'}
2026-04-06 11:20:23.941 [Thread-3] INFO  o.a.k.c.c.i.ConsumerCoordinator - [Consumer clientId=consumer-inventory-group-3, groupId=inventory-group] Notifying assignor about the new Assignment(partitions=[library.book-events-0])
2026-04-06 11:20:23.941 [Thread-4] INFO  o.a.k.c.c.i.ConsumerCoordinator - [Consumer clientId=consumer-analytics-group-2, groupId=analytics-group] Notifying assignor about the new Assignment(partitions=[library.book-events-0])
2026-04-06 11:20:23.941 [Thread-3] INFO  o.a.k.c.c.i.ConsumerRebalanceListenerInvoker - [Consumer clientId=consumer-inventory-group-3, groupId=inventory-group] Adding newly assigned partitions: library.book-events-0
2026-04-06 11:20:23.941 [Thread-4] INFO  o.a.k.c.c.i.ConsumerRebalanceListenerInvoker - [Consumer clientId=consumer-analytics-group-2, groupId=analytics-group] Adding newly assigned partitions: library.book-events-0
2026-04-06 11:20:23.942 [Thread-3] INFO  o.a.k.c.c.i.ConsumerCoordinator - [Consumer clientId=consumer-inventory-group-3, groupId=inventory-group] Found no committed offset for partition library.book-events-0
2026-04-06 11:20:23.943 [Thread-4] INFO  o.a.k.c.c.internals.ConsumerUtils - Setting offset for partition library.book-events-0 to the committed offset FetchPosition{offset=121213, offsetEpoch=Optional.empty, currentLeader=LeaderAndEpoch{leader=Optional[localhost:9094 (id: 3 rack: null)], epoch=0}}
2026-04-06 11:20:23.950 [Thread-3] INFO  o.a.k.c.c.i.SubscriptionState - [Consumer clientId=consumer-inventory-group-3, groupId=inventory-group] Resetting offset for partition library.book-events-0 to position FetchPosition{offset=121213, offsetEpoch=Optional.empty, currentLeader=LeaderAndEpoch{leader=Optional[localhost:9094 (id: 3 rack: null)], epoch=0}}.
2026-04-06 11:20:24.131 [book-stats-app-1775449220903-7ab3d783-6464-4e83-955b-b52b0aa8419f-StreamThread-1] INFO  o.a.k.c.c.i.ConsumerCoordinator - [Consumer clientId=book-stats-app-1775449220903-7ab3d783-6464-4e83-955b-b52b0aa8419f-StreamThread-1-consumer, groupId=book-stats-app-1775449220903] Successfully joined group with generation Generation{generationId=1, memberId='book-stats-app-1775449220903-7ab3d783-6464-4e83-955b-b52b0aa8419f-StreamThread-1-consumer-f859d5f4-98f5-4513-941f-3da3dee85c58', protocol='stream'}
2026-04-06 11:20:24.434 [book-stats-app-1775449220903-7ab3d783-6464-4e83-955b-b52b0aa8419f-StreamThread-1] WARN  o.apache.kafka.clients.NetworkClient - [Consumer clientId=book-stats-app-1775449220903-7ab3d783-6464-4e83-955b-b52b0aa8419f-StreamThread-1-consumer, groupId=book-stats-app-1775449220903] Error while fetching metadata with correlation id 14 : {book-stats-app-1775449220903-KSTREAM-AGGREGATE-STATE-STORE-0000000003-repartition=UNKNOWN_TOPIC_OR_PARTITION}
2026-04-06 11:20:24.541 [book-stats-app-1775449220903-7ab3d783-6464-4e83-955b-b52b0aa8419f-StreamThread-1] INFO  o.a.k.s.p.i.StreamsPartitionAssignor - stream-thread [book-stats-app-1775449220903-7ab3d783-6464-4e83-955b-b52b0aa8419f-StreamThread-1-consumer] 1 client nodes and Optional[1] consumers participating in this rebalance: 
7ab3d783-6464-4e83-955b-b52b0aa8419f: [book-stats-app-1775449220903-7ab3d783-6464-4e83-955b-b52b0aa8419f-StreamThread-1-consumer-f859d5f4-98f5-4513-941f-3da3dee85c58].
2026-04-06 11:20:24.542 [book-stats-app-1775449220903-7ab3d783-6464-4e83-955b-b52b0aa8419f-StreamThread-1] INFO  o.a.k.s.p.i.StreamsPartitionAssignor - stream-thread [book-stats-app-1775449220903-7ab3d783-6464-4e83-955b-b52b0aa8419f-StreamThread-1-consumer] Assigning stateful tasks: [1_0]
and stateless tasks: [0_0]
2026-04-06 11:20:24.548 [book-stats-app-1775449220903-7ab3d783-6464-4e83-955b-b52b0aa8419f-StreamThread-1] INFO  o.a.k.s.p.i.a.HighAvailabilityTaskAssignor - Decided on assignment: {7ab3d783-6464-4e83-955b-b52b0aa8419f=[activeTasks: ([0_0, 1_0]) standbyTasks: ([]) prevActiveTasks: ([]) prevStandbyTasks: ([]) changelogOffsetTotalsByTask: ([]) taskLagTotals: ([1_0=0]) clientTags: ([]) capacity: 1 assigned: 2]} with no followup probing rebalance.
2026-04-06 11:20:24.548 [book-stats-app-1775449220903-7ab3d783-6464-4e83-955b-b52b0aa8419f-StreamThread-1] INFO  o.a.k.s.p.i.StreamsPartitionAssignor - stream-thread [book-stats-app-1775449220903-7ab3d783-6464-4e83-955b-b52b0aa8419f-StreamThread-1-consumer] Assigned 2 total tasks including 1 stateful tasks to 1 client nodes.
2026-04-06 11:20:24.548 [book-stats-app-1775449220903-7ab3d783-6464-4e83-955b-b52b0aa8419f-StreamThread-1] INFO  o.a.k.s.p.i.StreamsPartitionAssignor - stream-thread [book-stats-app-1775449220903-7ab3d783-6464-4e83-955b-b52b0aa8419f-StreamThread-1-consumer] Assignment of tasks to nodes: 7ab3d783-6464-4e83-955b-b52b0aa8419f=[activeTasks: ([0_0, 1_0]) standbyTasks: ([])]
2026-04-06 11:20:24.552 [book-stats-app-1775449220903-7ab3d783-6464-4e83-955b-b52b0aa8419f-StreamThread-1] INFO  o.a.k.s.p.i.StreamsPartitionAssignor - stream-thread [book-stats-app-1775449220903-7ab3d783-6464-4e83-955b-b52b0aa8419f-StreamThread-1-consumer] Client 7ab3d783-6464-4e83-955b-b52b0aa8419f per-consumer assignment:
	prev owned active {}
	prev owned standby {book-stats-app-1775449220903-7ab3d783-6464-4e83-955b-b52b0aa8419f-StreamThread-1-consumer-f859d5f4-98f5-4513-941f-3da3dee85c58=[]}
	assigned active {book-stats-app-1775449220903-7ab3d783-6464-4e83-955b-b52b0aa8419f-StreamThread-1-consumer-f859d5f4-98f5-4513-941f-3da3dee85c58=[1_0, 0_0]}
	revoking active {}
	assigned standby {}

2026-04-06 11:20:24.552 [book-stats-app-1775449220903-7ab3d783-6464-4e83-955b-b52b0aa8419f-StreamThread-1] INFO  o.a.k.s.p.i.StreamsPartitionAssignor - stream-thread [book-stats-app-1775449220903-7ab3d783-6464-4e83-955b-b52b0aa8419f-StreamThread-1-consumer] Finished stable assignment of tasks, no followup rebalances required.
2026-04-06 11:20:24.553 [book-stats-app-1775449220903-7ab3d783-6464-4e83-955b-b52b0aa8419f-StreamThread-1] INFO  o.a.k.c.c.i.ConsumerCoordinator - [Consumer clientId=book-stats-app-1775449220903-7ab3d783-6464-4e83-955b-b52b0aa8419f-StreamThread-1-consumer, groupId=book-stats-app-1775449220903] Finished assignment for group at generation 1: {book-stats-app-1775449220903-7ab3d783-6464-4e83-955b-b52b0aa8419f-StreamThread-1-consumer-f859d5f4-98f5-4513-941f-3da3dee85c58=Assignment(partitions=[book-stats-app-1775449220903-KSTREAM-AGGREGATE-STATE-STORE-0000000003-repartition-0, library.book-events-0], userDataSize=64)}
2026-04-06 11:20:24.561 [book-stats-app-1775449220903-7ab3d783-6464-4e83-955b-b52b0aa8419f-StreamThread-1] INFO  o.a.k.c.c.i.ConsumerCoordinator - [Consumer clientId=book-stats-app-1775449220903-7ab3d783-6464-4e83-955b-b52b0aa8419f-StreamThread-1-consumer, groupId=book-stats-app-1775449220903] Successfully synced group in generation Generation{generationId=1, memberId='book-stats-app-1775449220903-7ab3d783-6464-4e83-955b-b52b0aa8419f-StreamThread-1-consumer-f859d5f4-98f5-4513-941f-3da3dee85c58', protocol='stream'}
2026-04-06 11:20:24.561 [book-stats-app-1775449220903-7ab3d783-6464-4e83-955b-b52b0aa8419f-StreamThread-1] INFO  o.a.k.c.c.i.ConsumerCoordinator - [Consumer clientId=book-stats-app-1775449220903-7ab3d783-6464-4e83-955b-b52b0aa8419f-StreamThread-1-consumer, groupId=book-stats-app-1775449220903] Updating assignment with
	Assigned partitions:                       [book-stats-app-1775449220903-KSTREAM-AGGREGATE-STATE-STORE-0000000003-repartition-0, library.book-events-0]
	Current owned partitions:                  []
	Added partitions (assigned - owned):       [book-stats-app-1775449220903-KSTREAM-AGGREGATE-STATE-STORE-0000000003-repartition-0, library.book-events-0]
	Revoked partitions (owned - assigned):     []

2026-04-06 11:20:24.561 [book-stats-app-1775449220903-7ab3d783-6464-4e83-955b-b52b0aa8419f-StreamThread-1] INFO  o.a.k.c.c.i.ConsumerCoordinator - [Consumer clientId=book-stats-app-1775449220903-7ab3d783-6464-4e83-955b-b52b0aa8419f-StreamThread-1-consumer, groupId=book-stats-app-1775449220903] Notifying assignor about the new Assignment(partitions=[book-stats-app-1775449220903-KSTREAM-AGGREGATE-STATE-STORE-0000000003-repartition-0, library.book-events-0], userDataSize=64)
2026-04-06 11:20:24.562 [book-stats-app-1775449220903-7ab3d783-6464-4e83-955b-b52b0aa8419f-StreamThread-1] INFO  o.a.k.s.p.i.StreamsPartitionAssignor - stream-thread [book-stats-app-1775449220903-7ab3d783-6464-4e83-955b-b52b0aa8419f-StreamThread-1-consumer] No followup rebalance was requested, resetting the rebalance schedule.
2026-04-06 11:20:24.563 [book-stats-app-1775449220903-7ab3d783-6464-4e83-955b-b52b0aa8419f-StreamThread-1] INFO  o.a.k.s.p.internals.TaskManager - stream-thread [book-stats-app-1775449220903-7ab3d783-6464-4e83-955b-b52b0aa8419f-StreamThread-1] Handle new assignment with:
	New active tasks: [1_0, 0_0]
	New standby tasks: []
	Existing active tasks: []
	Existing standby tasks: []
2026-04-06 11:20:24.580 [book-stats-app-1775449220903-7ab3d783-6464-4e83-955b-b52b0aa8419f-StreamThread-1] INFO  o.a.k.c.c.i.ConsumerRebalanceListenerInvoker - [Consumer clientId=book-stats-app-1775449220903-7ab3d783-6464-4e83-955b-b52b0aa8419f-StreamThread-1-consumer, groupId=book-stats-app-1775449220903] Adding newly assigned partitions: book-stats-app-1775449220903-KSTREAM-AGGREGATE-STATE-STORE-0000000003-repartition-0, library.book-events-0
2026-04-06 11:20:24.581 [book-stats-app-1775449220903-7ab3d783-6464-4e83-955b-b52b0aa8419f-StreamThread-1] INFO  o.a.k.s.p.internals.StreamThread - stream-thread [book-stats-app-1775449220903-7ab3d783-6464-4e83-955b-b52b0aa8419f-StreamThread-1] State transition from STARTING to PARTITIONS_ASSIGNED
2026-04-06 11:20:24.582 [book-stats-app-1775449220903-7ab3d783-6464-4e83-955b-b52b0aa8419f-StreamThread-1] INFO  o.a.k.c.c.i.ConsumerCoordinator - [Consumer clientId=book-stats-app-1775449220903-7ab3d783-6464-4e83-955b-b52b0aa8419f-StreamThread-1-consumer, groupId=book-stats-app-1775449220903] Found no committed offset for partition book-stats-app-1775449220903-KSTREAM-AGGREGATE-STATE-STORE-0000000003-repartition-0
2026-04-06 11:20:24.583 [book-stats-app-1775449220903-7ab3d783-6464-4e83-955b-b52b0aa8419f-StreamThread-1] INFO  o.a.k.c.c.i.ConsumerCoordinator - [Consumer clientId=book-stats-app-1775449220903-7ab3d783-6464-4e83-955b-b52b0aa8419f-StreamThread-1-consumer, groupId=book-stats-app-1775449220903] Found no committed offset for partition library.book-events-0
2026-04-06 11:20:24.587 [book-stats-app-1775449220903-7ab3d783-6464-4e83-955b-b52b0aa8419f-StreamThread-1] INFO  o.a.k.c.c.i.ConsumerCoordinator - [Consumer clientId=book-stats-app-1775449220903-7ab3d783-6464-4e83-955b-b52b0aa8419f-StreamThread-1-consumer, groupId=book-stats-app-1775449220903] Request joining group due to: cached metadata has changed from (version9: {book-stats-app-1775449220903-KSTREAM-AGGREGATE-STATE-STORE-0000000003-repartition=[], library.book-events=[NO_RACKS]}) at the beginning of the rebalance to (version10: {book-stats-app-1775449220903-KSTREAM-AGGREGATE-STATE-STORE-0000000003-repartition=[NO_RACKS], library.book-events=[NO_RACKS]})
2026-04-06 11:20:24.588 [book-stats-app-1775449220903-7ab3d783-6464-4e83-955b-b52b0aa8419f-StreamThread-1] INFO  o.a.k.c.c.i.ConsumerCoordinator - [Consumer clientId=book-stats-app-1775449220903-7ab3d783-6464-4e83-955b-b52b0aa8419f-StreamThread-1-consumer, groupId=book-stats-app-1775449220903] (Re-)joining group
2026-04-06 11:20:24.589 [book-stats-app-1775449220903-7ab3d783-6464-4e83-955b-b52b0aa8419f-StreamThread-1] INFO  o.a.k.c.c.i.SubscriptionState - [Consumer clientId=book-stats-app-1775449220903-7ab3d783-6464-4e83-955b-b52b0aa8419f-StreamThread-1-consumer, groupId=book-stats-app-1775449220903] Resetting offset for partition library.book-events-0 to position FetchPosition{offset=0, offsetEpoch=Optional.empty, currentLeader=LeaderAndEpoch{leader=Optional[localhost:9094 (id: 3 rack: null)], epoch=0}}.
2026-04-06 11:20:24.592 [book-stats-app-1775449220903-7ab3d783-6464-4e83-955b-b52b0aa8419f-StreamThread-1] INFO  o.a.k.c.c.i.ConsumerCoordinator - [Consumer clientId=book-stats-app-1775449220903-7ab3d783-6464-4e83-955b-b52b0aa8419f-StreamThread-1-consumer, groupId=book-stats-app-1775449220903] Successfully joined group with generation Generation{generationId=2, memberId='book-stats-app-1775449220903-7ab3d783-6464-4e83-955b-b52b0aa8419f-StreamThread-1-consumer-f859d5f4-98f5-4513-941f-3da3dee85c58', protocol='stream'}
2026-04-06 11:20:24.618 [book-stats-app-1775449220903-7ab3d783-6464-4e83-955b-b52b0aa8419f-StreamThread-1] INFO  o.a.k.s.p.i.InternalTopicManager - stream-thread [Thread-5] Could not create topic book-stats-app-1775449220903-KSTREAM-AGGREGATE-STATE-STORE-0000000003-changelog. Topic is probably marked for deletion (number of partitions is unknown).
Will retry to create this topic in 100 ms (to let broker finish async delete operation first).
Error message was: org.apache.kafka.common.errors.TopicExistsException: Topic 'book-stats-app-1775449220903-KSTREAM-AGGREGATE-STATE-STORE-0000000003-changelog' already exists.
2026-04-06 11:20:24.619 [book-stats-app-1775449220903-7ab3d783-6464-4e83-955b-b52b0aa8419f-StreamThread-1] INFO  o.a.k.s.p.i.InternalTopicManager - stream-thread [Thread-5] Topics [book-stats-app-1775449220903-KSTREAM-AGGREGATE-STATE-STORE-0000000003-changelog] could not be made ready. Will retry in 100 milliseconds. Remaining time in milliseconds: 149976
2026-04-06 11:20:24.722 [book-stats-app-1775449220903-7ab3d783-6464-4e83-955b-b52b0aa8419f-StreamThread-1] INFO  o.a.k.s.p.i.StreamsPartitionAssignor - stream-thread [book-stats-app-1775449220903-7ab3d783-6464-4e83-955b-b52b0aa8419f-StreamThread-1-consumer] 1 client nodes and Optional[1] consumers participating in this rebalance: 
7ab3d783-6464-4e83-955b-b52b0aa8419f: [book-stats-app-1775449220903-7ab3d783-6464-4e83-955b-b52b0aa8419f-StreamThread-1-consumer-f859d5f4-98f5-4513-941f-3da3dee85c58].
2026-04-06 11:20:24.722 [book-stats-app-1775449220903-7ab3d783-6464-4e83-955b-b52b0aa8419f-StreamThread-1] INFO  o.a.k.s.p.i.StreamsPartitionAssignor - stream-thread [book-stats-app-1775449220903-7ab3d783-6464-4e83-955b-b52b0aa8419f-StreamThread-1-consumer] Assigning stateful tasks: [1_0]
and stateless tasks: [0_0]
2026-04-06 11:20:24.723 [book-stats-app-1775449220903-7ab3d783-6464-4e83-955b-b52b0aa8419f-StreamThread-1] INFO  o.a.k.s.p.i.a.HighAvailabilityTaskAssignor - Decided on assignment: {7ab3d783-6464-4e83-955b-b52b0aa8419f=[activeTasks: ([0_0, 1_0]) standbyTasks: ([]) prevActiveTasks: ([0_0, 1_0]) prevStandbyTasks: ([]) changelogOffsetTotalsByTask: ([]) taskLagTotals: ([1_0=0]) clientTags: ([]) capacity: 1 assigned: 2]} with no followup probing rebalance.
2026-04-06 11:20:24.723 [book-stats-app-1775449220903-7ab3d783-6464-4e83-955b-b52b0aa8419f-StreamThread-1] INFO  o.a.k.s.p.i.StreamsPartitionAssignor - stream-thread [book-stats-app-1775449220903-7ab3d783-6464-4e83-955b-b52b0aa8419f-StreamThread-1-consumer] Assigned 2 total tasks including 1 stateful tasks to 1 client nodes.
2026-04-06 11:20:24.723 [book-stats-app-1775449220903-7ab3d783-6464-4e83-955b-b52b0aa8419f-StreamThread-1] INFO  o.a.k.s.p.i.StreamsPartitionAssignor - stream-thread [book-stats-app-1775449220903-7ab3d783-6464-4e83-955b-b52b0aa8419f-StreamThread-1-consumer] Assignment of tasks to nodes: 7ab3d783-6464-4e83-955b-b52b0aa8419f=[activeTasks: ([0_0, 1_0]) standbyTasks: ([])]
2026-04-06 11:20:24.723 [book-stats-app-1775449220903-7ab3d783-6464-4e83-955b-b52b0aa8419f-StreamThread-1] INFO  o.a.k.s.p.i.StreamsPartitionAssignor - stream-thread [book-stats-app-1775449220903-7ab3d783-6464-4e83-955b-b52b0aa8419f-StreamThread-1-consumer] Client 7ab3d783-6464-4e83-955b-b52b0aa8419f per-consumer assignment:
	prev owned active {book-stats-app-1775449220903-7ab3d783-6464-4e83-955b-b52b0aa8419f-StreamThread-1-consumer-f859d5f4-98f5-4513-941f-3da3dee85c58=[1_0, 0_0]}
	prev owned standby {book-stats-app-1775449220903-7ab3d783-6464-4e83-955b-b52b0aa8419f-StreamThread-1-consumer-f859d5f4-98f5-4513-941f-3da3dee85c58=[]}
	assigned active {book-stats-app-1775449220903-7ab3d783-6464-4e83-955b-b52b0aa8419f-StreamThread-1-consumer-f859d5f4-98f5-4513-941f-3da3dee85c58=[1_0, 0_0]}
	revoking active {}
	assigned standby {}

2026-04-06 11:20:24.723 [book-stats-app-1775449220903-7ab3d783-6464-4e83-955b-b52b0aa8419f-StreamThread-1] INFO  o.a.k.s.p.i.StreamsPartitionAssignor - stream-thread [book-stats-app-1775449220903-7ab3d783-6464-4e83-955b-b52b0aa8419f-StreamThread-1-consumer] Finished stable assignment of tasks, no followup rebalances required.
2026-04-06 11:20:24.723 [book-stats-app-1775449220903-7ab3d783-6464-4e83-955b-b52b0aa8419f-StreamThread-1] INFO  o.a.k.c.c.i.ConsumerCoordinator - [Consumer clientId=book-stats-app-1775449220903-7ab3d783-6464-4e83-955b-b52b0aa8419f-StreamThread-1-consumer, groupId=book-stats-app-1775449220903] Finished assignment for group at generation 2: {book-stats-app-1775449220903-7ab3d783-6464-4e83-955b-b52b0aa8419f-StreamThread-1-consumer-f859d5f4-98f5-4513-941f-3da3dee85c58=Assignment(partitions=[book-stats-app-1775449220903-KSTREAM-AGGREGATE-STATE-STORE-0000000003-repartition-0, library.book-events-0], userDataSize=64)}
2026-04-06 11:20:24.725 [book-stats-app-1775449220903-7ab3d783-6464-4e83-955b-b52b0aa8419f-StreamThread-1] INFO  o.a.k.s.p.internals.StreamTask - stream-thread [book-stats-app-1775449220903-7ab3d783-6464-4e83-955b-b52b0aa8419f-StreamThread-1] task [0_0] Initialized
2026-04-06 11:20:24.826 [kafka-coordinator-heartbeat-thread | book-stats-app-1775449220903] INFO  o.a.k.c.c.i.ConsumerCoordinator - [Consumer clientId=book-stats-app-1775449220903-7ab3d783-6464-4e83-955b-b52b0aa8419f-StreamThread-1-consumer, groupId=book-stats-app-1775449220903] Successfully synced group in generation Generation{generationId=2, memberId='book-stats-app-1775449220903-7ab3d783-6464-4e83-955b-b52b0aa8419f-StreamThread-1-consumer-f859d5f4-98f5-4513-941f-3da3dee85c58', protocol='stream'}
2026-04-06 11:20:24.889 [book-stats-app-1775449220903-7ab3d783-6464-4e83-955b-b52b0aa8419f-StreamThread-1] INFO  o.a.k.s.s.i.RocksDBTimestampedStore - Opening store KSTREAM-AGGREGATE-STATE-STORE-0000000003 in regular mode
2026-04-06 11:20:24.896 [book-stats-app-1775449220903-7ab3d783-6464-4e83-955b-b52b0aa8419f-StreamThread-1] INFO  o.a.k.s.p.i.ProcessorStateManager - stream-thread [book-stats-app-1775449220903-7ab3d783-6464-4e83-955b-b52b0aa8419f-StreamThread-1] stream-task [1_0] State store KSTREAM-AGGREGATE-STATE-STORE-0000000003 did not find checkpoint offset, hence would default to the starting offset at changelog book-stats-app-1775449220903-KSTREAM-AGGREGATE-STATE-STORE-0000000003-changelog-0
2026-04-06 11:20:24.896 [book-stats-app-1775449220903-7ab3d783-6464-4e83-955b-b52b0aa8419f-StreamThread-1] INFO  o.a.k.s.p.internals.StreamTask - stream-thread [book-stats-app-1775449220903-7ab3d783-6464-4e83-955b-b52b0aa8419f-StreamThread-1] task [1_0] Initialized
2026-04-06 11:20:24.899 [book-stats-app-1775449220903-7ab3d783-6464-4e83-955b-b52b0aa8419f-StreamThread-1] INFO  o.a.k.c.c.i.ConsumerCoordinator - [Consumer clientId=book-stats-app-1775449220903-7ab3d783-6464-4e83-955b-b52b0aa8419f-StreamThread-1-consumer, groupId=book-stats-app-1775449220903] Found no committed offset for partition library.book-events-0
2026-04-06 11:20:24.902 [book-stats-app-1775449220903-7ab3d783-6464-4e83-955b-b52b0aa8419f-StreamThread-1] INFO  o.a.k.s.p.internals.StreamTask - stream-thread [book-stats-app-1775449220903-7ab3d783-6464-4e83-955b-b52b0aa8419f-StreamThread-1] task [0_0] Restored and ready to run
2026-04-06 11:20:24.914 [book-stats-app-1775449220903-7ab3d783-6464-4e83-955b-b52b0aa8419f-StreamThread-1] INFO  o.a.k.s.p.i.StoreChangelogReader - stream-thread [book-stats-app-1775449220903-7ab3d783-6464-4e83-955b-b52b0aa8419f-StreamThread-1] End offset for changelog book-stats-app-1775449220903-KSTREAM-AGGREGATE-STATE-STORE-0000000003-changelog-0 initialized as 0.
2026-04-06 11:20:24.914 [book-stats-app-1775449220903-7ab3d783-6464-4e83-955b-b52b0aa8419f-StreamThread-1] INFO  o.a.k.c.c.i.LegacyKafkaConsumer - [Consumer clientId=book-stats-app-1775449220903-7ab3d783-6464-4e83-955b-b52b0aa8419f-StreamThread-1-restore-consumer, groupId=null] Assigned to partition(s): book-stats-app-1775449220903-KSTREAM-AGGREGATE-STATE-STORE-0000000003-changelog-0
2026-04-06 11:20:24.915 [book-stats-app-1775449220903-7ab3d783-6464-4e83-955b-b52b0aa8419f-StreamThread-1] INFO  o.a.k.c.c.i.SubscriptionState - [Consumer clientId=book-stats-app-1775449220903-7ab3d783-6464-4e83-955b-b52b0aa8419f-StreamThread-1-restore-consumer, groupId=null] Seeking to earliest offset of partition book-stats-app-1775449220903-KSTREAM-AGGREGATE-STATE-STORE-0000000003-changelog-0
2026-04-06 11:20:24.919 [book-stats-app-1775449220903-7ab3d783-6464-4e83-955b-b52b0aa8419f-StreamThread-1] INFO  org.apache.kafka.clients.Metadata - [Consumer clientId=book-stats-app-1775449220903-7ab3d783-6464-4e83-955b-b52b0aa8419f-StreamThread-1-restore-consumer, groupId=null] Cluster ID: MkU3OEVBNTcwNTJENDM2Qg
2026-04-06 11:20:24.922 [book-stats-app-1775449220903-7ab3d783-6464-4e83-955b-b52b0aa8419f-StreamThread-1] INFO  o.a.k.c.c.i.SubscriptionState - [Consumer clientId=book-stats-app-1775449220903-7ab3d783-6464-4e83-955b-b52b0aa8419f-StreamThread-1-restore-consumer, groupId=null] Resetting offset for partition book-stats-app-1775449220903-KSTREAM-AGGREGATE-STATE-STORE-0000000003-changelog-0 to position FetchPosition{offset=0, offsetEpoch=Optional.empty, currentLeader=LeaderAndEpoch{leader=Optional[localhost:9094 (id: 3 rack: null)], epoch=0}}.
2026-04-06 11:20:25.023 [book-stats-app-1775449220903-7ab3d783-6464-4e83-955b-b52b0aa8419f-StreamThread-1] INFO  o.a.k.s.p.i.StoreChangelogReader - stream-thread [book-stats-app-1775449220903-7ab3d783-6464-4e83-955b-b52b0aa8419f-StreamThread-1] Finished restoring changelog book-stats-app-1775449220903-KSTREAM-AGGREGATE-STATE-STORE-0000000003-changelog-0 to store KSTREAM-AGGREGATE-STATE-STORE-0000000003 with a total number of 0 records
2026-04-06 11:20:25.024 [book-stats-app-1775449220903-7ab3d783-6464-4e83-955b-b52b0aa8419f-StreamThread-1] INFO  o.a.k.c.c.i.ConsumerCoordinator - [Consumer clientId=book-stats-app-1775449220903-7ab3d783-6464-4e83-955b-b52b0aa8419f-StreamThread-1-consumer, groupId=book-stats-app-1775449220903] Updating assignment with
	Assigned partitions:                       [book-stats-app-1775449220903-KSTREAM-AGGREGATE-STATE-STORE-0000000003-repartition-0, library.book-events-0]
	Current owned partitions:                  [book-stats-app-1775449220903-KSTREAM-AGGREGATE-STATE-STORE-0000000003-repartition-0, library.book-events-0]
	Added partitions (assigned - owned):       []
	Revoked partitions (owned - assigned):     []

2026-04-06 11:20:25.024 [book-stats-app-1775449220903-7ab3d783-6464-4e83-955b-b52b0aa8419f-StreamThread-1] INFO  o.a.k.c.c.i.ConsumerCoordinator - [Consumer clientId=book-stats-app-1775449220903-7ab3d783-6464-4e83-955b-b52b0aa8419f-StreamThread-1-consumer, groupId=book-stats-app-1775449220903] Notifying assignor about the new Assignment(partitions=[book-stats-app-1775449220903-KSTREAM-AGGREGATE-STATE-STORE-0000000003-repartition-0, library.book-events-0], userDataSize=64)
2026-04-06 11:20:25.024 [book-stats-app-1775449220903-7ab3d783-6464-4e83-955b-b52b0aa8419f-StreamThread-1] INFO  o.a.k.s.p.i.StreamsPartitionAssignor - stream-thread [book-stats-app-1775449220903-7ab3d783-6464-4e83-955b-b52b0aa8419f-StreamThread-1-consumer] No followup rebalance was requested, resetting the rebalance schedule.
2026-04-06 11:20:25.024 [book-stats-app-1775449220903-7ab3d783-6464-4e83-955b-b52b0aa8419f-StreamThread-1] INFO  o.a.k.s.p.internals.TaskManager - stream-thread [book-stats-app-1775449220903-7ab3d783-6464-4e83-955b-b52b0aa8419f-StreamThread-1] Handle new assignment with:
	New active tasks: [1_0, 0_0]
	New standby tasks: []
	Existing active tasks: [1_0, 0_0]
	Existing standby tasks: []
2026-04-06 11:20:25.025 [book-stats-app-1775449220903-7ab3d783-6464-4e83-955b-b52b0aa8419f-StreamThread-1] INFO  o.a.k.c.c.i.ConsumerRebalanceListenerInvoker - [Consumer clientId=book-stats-app-1775449220903-7ab3d783-6464-4e83-955b-b52b0aa8419f-StreamThread-1-consumer, groupId=book-stats-app-1775449220903] Adding newly assigned partitions: 
2026-04-06 11:20:25.025 [book-stats-app-1775449220903-7ab3d783-6464-4e83-955b-b52b0aa8419f-StreamThread-1] INFO  o.a.k.s.p.internals.StreamThread - stream-thread [book-stats-app-1775449220903-7ab3d783-6464-4e83-955b-b52b0aa8419f-StreamThread-1] State transition from PARTITIONS_ASSIGNED to PARTITIONS_ASSIGNED
2026-04-06 11:20:25.026 [book-stats-app-1775449220903-7ab3d783-6464-4e83-955b-b52b0aa8419f-StreamThread-1] INFO  o.a.k.c.c.i.SubscriptionState - [Consumer clientId=book-stats-app-1775449220903-7ab3d783-6464-4e83-955b-b52b0aa8419f-StreamThread-1-consumer, groupId=book-stats-app-1775449220903] Resetting offset for partition book-stats-app-1775449220903-KSTREAM-AGGREGATE-STATE-STORE-0000000003-repartition-0 to position FetchPosition{offset=0, offsetEpoch=Optional.empty, currentLeader=LeaderAndEpoch{leader=Optional[localhost:9094 (id: 3 rack: null)], epoch=0}}.
2026-04-06 11:20:25.027 [book-stats-app-1775449220903-7ab3d783-6464-4e83-955b-b52b0aa8419f-StreamThread-1] INFO  o.a.k.c.c.i.ConsumerCoordinator - [Consumer clientId=book-stats-app-1775449220903-7ab3d783-6464-4e83-955b-b52b0aa8419f-StreamThread-1-consumer, groupId=book-stats-app-1775449220903] Found no committed offset for partition book-stats-app-1775449220903-KSTREAM-AGGREGATE-STATE-STORE-0000000003-repartition-0
2026-04-06 11:20:25.038 [book-stats-app-1775449220903-7ab3d783-6464-4e83-955b-b52b0aa8419f-StreamThread-1] INFO  o.a.k.s.p.internals.StreamTask - stream-thread [book-stats-app-1775449220903-7ab3d783-6464-4e83-955b-b52b0aa8419f-StreamThread-1] task [1_0] Restored and ready to run
2026-04-06 11:20:25.038 [book-stats-app-1775449220903-7ab3d783-6464-4e83-955b-b52b0aa8419f-StreamThread-1] INFO  o.a.k.s.p.internals.StreamThread - stream-thread [book-stats-app-1775449220903-7ab3d783-6464-4e83-955b-b52b0aa8419f-StreamThread-1] Restoration took 13 ms for all active tasks [1_0, 0_0]
2026-04-06 11:20:25.038 [book-stats-app-1775449220903-7ab3d783-6464-4e83-955b-b52b0aa8419f-StreamThread-1] INFO  o.a.k.s.p.internals.StreamThread - stream-thread [book-stats-app-1775449220903-7ab3d783-6464-4e83-955b-b52b0aa8419f-StreamThread-1] State transition from PARTITIONS_ASSIGNED to RUNNING
2026-04-06 11:20:25.040 [book-stats-app-1775449220903-7ab3d783-6464-4e83-955b-b52b0aa8419f-StreamThread-1] INFO  o.apache.kafka.streams.KafkaStreams - stream-client [book-stats-app-1775449220903-7ab3d783-6464-4e83-955b-b52b0aa8419f] State transition from REBALANCING to RUNNING
2026-04-06 11:20:25.040 [book-stats-app-1775449220903-7ab3d783-6464-4e83-955b-b52b0aa8419f-StreamThread-1] INFO  o.a.k.c.c.i.LegacyKafkaConsumer - [Consumer clientId=book-stats-app-1775449220903-7ab3d783-6464-4e83-955b-b52b0aa8419f-StreamThread-1-consumer, groupId=book-stats-app-1775449220903] Requesting the log end offset for library.book-events-0 in order to compute lag
2026-04-06 11:20:25.041 [book-stats-app-1775449220903-7ab3d783-6464-4e83-955b-b52b0aa8419f-StreamThread-1] INFO  o.a.k.c.c.i.LegacyKafkaConsumer - [Consumer clientId=book-stats-app-1775449220903-7ab3d783-6464-4e83-955b-b52b0aa8419f-StreamThread-1-consumer, groupId=book-stats-app-1775449220903] Requesting the log end offset for book-stats-app-1775449220903-KSTREAM-AGGREGATE-STATE-STORE-0000000003-repartition-0 in order to compute lag
2026-04-06 11:20:25.081 [book-stats-app-1775449220903-7ab3d783-6464-4e83-955b-b52b0aa8419f-StreamThread-1] ERROR o.a.k.s.p.internals.TaskExecutor - stream-thread [book-stats-app-1775449220903-7ab3d783-6464-4e83-955b-b52b0aa8419f-StreamThread-1] Failed to process stream task 0_0 due to the following error:
org.apache.kafka.streams.errors.StreamsException: Exception caught in process. taskId=0_0, processor=KSTREAM-SOURCE-0000000000, topic=library.book-events, partition=0, offset=0, stacktrace=org.json.JSONException: A JSONObject text must begin with '{' at 1 [character 2 line 1]
	at org.json.JSONTokener.syntaxError(JSONTokener.java:503)
	at org.json.JSONObject.<init>(JSONObject.java:208)
	at org.json.JSONObject.<init>(JSONObject.java:402)
	at com.example.app.kafka.streams.BookStatsStream.start$lambda$0(BookStatsStream.kt:34)
	at com.example.app.kafka.streams.BookStatsStream.start$lambda$1(BookStatsStream.kt:33)
	at org.apache.kafka.streams.kstream.internals.KStreamFilter$KStreamFilterProcessor.process(KStreamFilter.java:43)
	at org.apache.kafka.streams.processor.internals.ProcessorNode.process(ProcessorNode.java:154)
	at org.apache.kafka.streams.processor.internals.ProcessorContextImpl.forwardInternal(ProcessorContextImpl.java:291)
	at org.apache.kafka.streams.processor.internals.ProcessorContextImpl.forward(ProcessorContextImpl.java:270)
	at org.apache.kafka.streams.processor.internals.ProcessorContextImpl.forward(ProcessorContextImpl.java:229)
	at org.apache.kafka.streams.processor.internals.SourceNode.process(SourceNode.java:84)
	at org.apache.kafka.streams.processor.internals.StreamTask.lambda$doProcess$1(StreamTask.java:847)
	at org.apache.kafka.streams.processor.internals.metrics.StreamsMetricsImpl.maybeMeasureLatency(StreamsMetricsImpl.java:872)
	at org.apache.kafka.streams.processor.internals.StreamTask.doProcess(StreamTask.java:847)
	at org.apache.kafka.streams.processor.internals.StreamTask.process(StreamTask.java:778)
	at org.apache.kafka.streams.processor.internals.TaskExecutor.processTask(TaskExecutor.java:97)
	at org.apache.kafka.streams.processor.internals.TaskExecutor.process(TaskExecutor.java:78)
	at org.apache.kafka.streams.processor.internals.TaskManager.process(TaskManager.java:1938)
	at org.apache.kafka.streams.processor.internals.StreamThread.runOnceWithoutProcessingThreads(StreamThread.java:953)
	at org.apache.kafka.streams.processor.internals.StreamThread.runLoop(StreamThread.java:686)
	at org.apache.kafka.streams.processor.internals.StreamThread.run(StreamThread.java:645)

	at org.apache.kafka.streams.processor.internals.StreamTask.process(StreamTask.java:804)
	at org.apache.kafka.streams.processor.internals.TaskExecutor.processTask(TaskExecutor.java:97)
	at org.apache.kafka.streams.processor.internals.TaskExecutor.process(TaskExecutor.java:78)
	at org.apache.kafka.streams.processor.internals.TaskManager.process(TaskManager.java:1938)
	at org.apache.kafka.streams.processor.internals.StreamThread.runOnceWithoutProcessingThreads(StreamThread.java:953)
	at org.apache.kafka.streams.processor.internals.StreamThread.runLoop(StreamThread.java:686)
	at org.apache.kafka.streams.processor.internals.StreamThread.run(StreamThread.java:645)
Caused by: org.json.JSONException: A JSONObject text must begin with '{' at 1 [character 2 line 1]
	at org.json.JSONTokener.syntaxError(JSONTokener.java:503)
	at org.json.JSONObject.<init>(JSONObject.java:208)
	at org.json.JSONObject.<init>(JSONObject.java:402)
	at com.example.app.kafka.streams.BookStatsStream.start$lambda$0(BookStatsStream.kt:34)
	at com.example.app.kafka.streams.BookStatsStream.start$lambda$1(BookStatsStream.kt:33)
	at org.apache.kafka.streams.kstream.internals.KStreamFilter$KStreamFilterProcessor.process(KStreamFilter.java:43)
	at org.apache.kafka.streams.processor.internals.ProcessorNode.process(ProcessorNode.java:154)
	at org.apache.kafka.streams.processor.internals.ProcessorContextImpl.forwardInternal(ProcessorContextImpl.java:291)
	at org.apache.kafka.streams.processor.internals.ProcessorContextImpl.forward(ProcessorContextImpl.java:270)
	at org.apache.kafka.streams.processor.internals.ProcessorContextImpl.forward(ProcessorContextImpl.java:229)
	at org.apache.kafka.streams.processor.internals.SourceNode.process(SourceNode.java:84)
	at org.apache.kafka.streams.processor.internals.StreamTask.lambda$doProcess$1(StreamTask.java:847)
	at org.apache.kafka.streams.processor.internals.metrics.StreamsMetricsImpl.maybeMeasureLatency(StreamsMetricsImpl.java:872)
	at org.apache.kafka.streams.processor.internals.StreamTask.doProcess(StreamTask.java:847)
	at org.apache.kafka.streams.processor.internals.StreamTask.process(StreamTask.java:778)
	... 6 common frames omitted
2026-04-06 11:20:25.088 [book-stats-app-1775449220903-7ab3d783-6464-4e83-955b-b52b0aa8419f-StreamThread-1] ERROR o.apache.kafka.streams.KafkaStreams - stream-client [book-stats-app-1775449220903-7ab3d783-6464-4e83-955b-b52b0aa8419f] Encountered the following exception during processing and the registered exception handler opted to SHUTDOWN_CLIENT. The streams client is going to shut down now. 
org.apache.kafka.streams.errors.StreamsException: Exception caught in process. taskId=0_0, processor=KSTREAM-SOURCE-0000000000, topic=library.book-events, partition=0, offset=0, stacktrace=org.json.JSONException: A JSONObject text must begin with '{' at 1 [character 2 line 1]
	at org.json.JSONTokener.syntaxError(JSONTokener.java:503)
	at org.json.JSONObject.<init>(JSONObject.java:208)
	at org.json.JSONObject.<init>(JSONObject.java:402)
	at com.example.app.kafka.streams.BookStatsStream.start$lambda$0(BookStatsStream.kt:34)
	at com.example.app.kafka.streams.BookStatsStream.start$lambda$1(BookStatsStream.kt:33)
	at org.apache.kafka.streams.kstream.internals.KStreamFilter$KStreamFilterProcessor.process(KStreamFilter.java:43)
	at org.apache.kafka.streams.processor.internals.ProcessorNode.process(ProcessorNode.java:154)
	at org.apache.kafka.streams.processor.internals.ProcessorContextImpl.forwardInternal(ProcessorContextImpl.java:291)
	at org.apache.kafka.streams.processor.internals.ProcessorContextImpl.forward(ProcessorContextImpl.java:270)
	at org.apache.kafka.streams.processor.internals.ProcessorContextImpl.forward(ProcessorContextImpl.java:229)
	at org.apache.kafka.streams.processor.internals.SourceNode.process(SourceNode.java:84)
	at org.apache.kafka.streams.processor.internals.StreamTask.lambda$doProcess$1(StreamTask.java:847)
	at org.apache.kafka.streams.processor.internals.metrics.StreamsMetricsImpl.maybeMeasureLatency(StreamsMetricsImpl.java:872)
	at org.apache.kafka.streams.processor.internals.StreamTask.doProcess(StreamTask.java:847)
	at org.apache.kafka.streams.processor.internals.StreamTask.process(StreamTask.java:778)
	at org.apache.kafka.streams.processor.internals.TaskExecutor.processTask(TaskExecutor.java:97)
	at org.apache.kafka.streams.processor.internals.TaskExecutor.process(TaskExecutor.java:78)
	at org.apache.kafka.streams.processor.internals.TaskManager.process(TaskManager.java:1938)
	at org.apache.kafka.streams.processor.internals.StreamThread.runOnceWithoutProcessingThreads(StreamThread.java:953)
	at org.apache.kafka.streams.processor.internals.StreamThread.runLoop(StreamThread.java:686)
	at org.apache.kafka.streams.processor.internals.StreamThread.run(StreamThread.java:645)

	at org.apache.kafka.streams.processor.internals.StreamTask.process(StreamTask.java:804)
	at org.apache.kafka.streams.processor.internals.TaskExecutor.processTask(TaskExecutor.java:97)
	at org.apache.kafka.streams.processor.internals.TaskExecutor.process(TaskExecutor.java:78)
	at org.apache.kafka.streams.processor.internals.TaskManager.process(TaskManager.java:1938)
	at org.apache.kafka.streams.processor.internals.StreamThread.runOnceWithoutProcessingThreads(StreamThread.java:953)
	at org.apache.kafka.streams.processor.internals.StreamThread.runLoop(StreamThread.java:686)
	at org.apache.kafka.streams.processor.internals.StreamThread.run(StreamThread.java:645)
Caused by: org.json.JSONException: A JSONObject text must begin with '{' at 1 [character 2 line 1]
	at org.json.JSONTokener.syntaxError(JSONTokener.java:503)
	at org.json.JSONObject.<init>(JSONObject.java:208)
	at org.json.JSONObject.<init>(JSONObject.java:402)
	at com.example.app.kafka.streams.BookStatsStream.start$lambda$0(BookStatsStream.kt:34)
	at com.example.app.kafka.streams.BookStatsStream.start$lambda$1(BookStatsStream.kt:33)
	at org.apache.kafka.streams.kstream.internals.KStreamFilter$KStreamFilterProcessor.process(KStreamFilter.java:43)
	at org.apache.kafka.streams.processor.internals.ProcessorNode.process(ProcessorNode.java:154)
	at org.apache.kafka.streams.processor.internals.ProcessorContextImpl.forwardInternal(ProcessorContextImpl.java:291)
	at org.apache.kafka.streams.processor.internals.ProcessorContextImpl.forward(ProcessorContextImpl.java:270)
	at org.apache.kafka.streams.processor.internals.ProcessorContextImpl.forward(ProcessorContextImpl.java:229)
	at org.apache.kafka.streams.processor.internals.SourceNode.process(SourceNode.java:84)
	at org.apache.kafka.streams.processor.internals.StreamTask.lambda$doProcess$1(StreamTask.java:847)
	at org.apache.kafka.streams.processor.internals.metrics.StreamsMetricsImpl.maybeMeasureLatency(StreamsMetricsImpl.java:872)
	at org.apache.kafka.streams.processor.internals.StreamTask.doProcess(StreamTask.java:847)
	at org.apache.kafka.streams.processor.internals.StreamTask.process(StreamTask.java:778)
	... 6 common frames omitted
2026-04-06 11:20:25.088 [book-stats-app-1775449220903-7ab3d783-6464-4e83-955b-b52b0aa8419f-StreamThread-1] INFO  o.apache.kafka.streams.KafkaStreams - stream-client [book-stats-app-1775449220903-7ab3d783-6464-4e83-955b-b52b0aa8419f] State transition from RUNNING to PENDING_ERROR
2026-04-06 11:20:25.089 [book-stats-app-1775449220903-7ab3d783-6464-4e83-955b-b52b0aa8419f-StreamThread-1] INFO  o.a.k.s.p.internals.StreamThread - stream-thread [book-stats-app-1775449220903-7ab3d783-6464-4e83-955b-b52b0aa8419f-StreamThread-1] State transition from RUNNING to PENDING_SHUTDOWN
2026-04-06 11:20:25.089 [book-stats-app-1775449220903-7ab3d783-6464-4e83-955b-b52b0aa8419f-StreamThread-1] INFO  o.a.k.s.p.internals.StreamThread - stream-thread [book-stats-app-1775449220903-7ab3d783-6464-4e83-955b-b52b0aa8419f-StreamThread-1] Shutting down unclean
2026-04-06 11:20:25.089 [book-stats-app-1775449220903-7ab3d783-6464-4e83-955b-b52b0aa8419f-CloseThread] INFO  o.a.k.s.p.internals.StreamThread - stream-thread [book-stats-app-1775449220903-7ab3d783-6464-4e83-955b-b52b0aa8419f-StreamThread-1] Informed to shut down
2026-04-06 11:20:25.090 [book-stats-app-1775449220903-7ab3d783-6464-4e83-955b-b52b0aa8419f-CloseThread] INFO  o.apache.kafka.streams.KafkaStreams - stream-client [book-stats-app-1775449220903-7ab3d783-6464-4e83-955b-b52b0aa8419f] Shutting down 1 stream threads
2026-04-06 11:20:25.091 [book-stats-app-1775449220903-7ab3d783-6464-4e83-955b-b52b0aa8419f-StreamThread-1] INFO  o.a.k.s.p.internals.StreamTask - stream-thread [book-stats-app-1775449220903-7ab3d783-6464-4e83-955b-b52b0aa8419f-StreamThread-1] task [0_0] Suspended from RUNNING
2026-04-06 11:20:25.092 [book-stats-app-1775449220903-7ab3d783-6464-4e83-955b-b52b0aa8419f-StreamThread-1] INFO  o.a.k.s.p.i.RecordCollectorImpl - stream-thread [book-stats-app-1775449220903-7ab3d783-6464-4e83-955b-b52b0aa8419f-StreamThread-1] stream-task [0_0] Closing record collector dirty
2026-04-06 11:20:25.092 [book-stats-app-1775449220903-7ab3d783-6464-4e83-955b-b52b0aa8419f-StreamThread-1] INFO  o.a.k.s.p.internals.StreamTask - stream-thread [book-stats-app-1775449220903-7ab3d783-6464-4e83-955b-b52b0aa8419f-StreamThread-1] task [0_0] Closed dirty
2026-04-06 11:20:25.093 [book-stats-app-1775449220903-7ab3d783-6464-4e83-955b-b52b0aa8419f-StreamThread-1] INFO  o.a.k.s.p.internals.StreamTask - stream-thread [book-stats-app-1775449220903-7ab3d783-6464-4e83-955b-b52b0aa8419f-StreamThread-1] task [1_0] Suspended from RUNNING
2026-04-06 11:20:25.094 [book-stats-app-1775449220903-7ab3d783-6464-4e83-955b-b52b0aa8419f-StreamThread-1] INFO  o.a.k.c.c.i.LegacyKafkaConsumer - [Consumer clientId=book-stats-app-1775449220903-7ab3d783-6464-4e83-955b-b52b0aa8419f-StreamThread-1-restore-consumer, groupId=null] Unsubscribed all topics or patterns and assigned partitions
2026-04-06 11:20:25.096 [book-stats-app-1775449220903-7ab3d783-6464-4e83-955b-b52b0aa8419f-StreamThread-1] INFO  o.a.k.s.p.i.RecordCollectorImpl - stream-thread [book-stats-app-1775449220903-7ab3d783-6464-4e83-955b-b52b0aa8419f-StreamThread-1] stream-task [1_0] Closing record collector dirty
2026-04-06 11:20:25.096 [book-stats-app-1775449220903-7ab3d783-6464-4e83-955b-b52b0aa8419f-StreamThread-1] INFO  o.a.k.s.p.internals.StreamTask - stream-thread [book-stats-app-1775449220903-7ab3d783-6464-4e83-955b-b52b0aa8419f-StreamThread-1] task [1_0] Closed dirty
2026-04-06 11:20:25.097 [book-stats-app-1775449220903-7ab3d783-6464-4e83-955b-b52b0aa8419f-StreamThread-1] INFO  o.a.k.clients.producer.KafkaProducer - [Producer clientId=book-stats-app-1775449220903-7ab3d783-6464-4e83-955b-b52b0aa8419f-StreamThread-1-producer] Closing the Kafka producer with timeoutMillis = 9223372036854775807 ms.
2026-04-06 11:20:25.101 [book-stats-app-1775449220903-7ab3d783-6464-4e83-955b-b52b0aa8419f-StreamThread-1] INFO  o.a.kafka.common.metrics.Metrics - Metrics scheduler closed
2026-04-06 11:20:25.101 [book-stats-app-1775449220903-7ab3d783-6464-4e83-955b-b52b0aa8419f-StreamThread-1] INFO  o.a.kafka.common.metrics.Metrics - Closing reporter org.apache.kafka.common.metrics.JmxReporter
2026-04-06 11:20:25.101 [book-stats-app-1775449220903-7ab3d783-6464-4e83-955b-b52b0aa8419f-StreamThread-1] INFO  o.a.kafka.common.metrics.Metrics - Closing reporter org.apache.kafka.common.telemetry.internals.ClientTelemetryReporter
2026-04-06 11:20:25.101 [book-stats-app-1775449220903-7ab3d783-6464-4e83-955b-b52b0aa8419f-StreamThread-1] INFO  o.a.kafka.common.metrics.Metrics - Metrics reporters closed
2026-04-06 11:20:25.101 [book-stats-app-1775449220903-7ab3d783-6464-4e83-955b-b52b0aa8419f-StreamThread-1] INFO  o.a.kafka.common.utils.AppInfoParser - App info kafka.producer for book-stats-app-1775449220903-7ab3d783-6464-4e83-955b-b52b0aa8419f-StreamThread-1-producer unregistered
2026-04-06 11:20:25.102 [book-stats-app-1775449220903-7ab3d783-6464-4e83-955b-b52b0aa8419f-StreamThread-1] INFO  o.a.k.s.p.internals.TaskManager - stream-thread [book-stats-app-1775449220903-7ab3d783-6464-4e83-955b-b52b0aa8419f-StreamThread-1] Shutdown complete
2026-04-06 11:20:25.103 [book-stats-app-1775449220903-7ab3d783-6464-4e83-955b-b52b0aa8419f-StreamThread-1] INFO  o.a.k.c.c.i.LegacyKafkaConsumer - [Consumer clientId=book-stats-app-1775449220903-7ab3d783-6464-4e83-955b-b52b0aa8419f-StreamThread-1-restore-consumer, groupId=null] Unsubscribed all topics or patterns and assigned partitions
2026-04-06 11:20:25.104 [book-stats-app-1775449220903-7ab3d783-6464-4e83-955b-b52b0aa8419f-StreamThread-1] INFO  o.a.k.c.c.i.ConsumerRebalanceListenerInvoker - [Consumer clientId=book-stats-app-1775449220903-7ab3d783-6464-4e83-955b-b52b0aa8419f-StreamThread-1-consumer, groupId=book-stats-app-1775449220903] Revoke previously assigned partitions book-stats-app-1775449220903-KSTREAM-AGGREGATE-STATE-STORE-0000000003-repartition-0, library.book-events-0
2026-04-06 11:20:25.104 [book-stats-app-1775449220903-7ab3d783-6464-4e83-955b-b52b0aa8419f-StreamThread-1] INFO  o.a.k.s.p.internals.StreamThread - stream-thread [book-stats-app-1775449220903-7ab3d783-6464-4e83-955b-b52b0aa8419f-StreamThread-1] partition revocation took 0 ms.
2026-04-06 11:20:25.104 [book-stats-app-1775449220903-7ab3d783-6464-4e83-955b-b52b0aa8419f-StreamThread-1] INFO  o.a.k.c.c.i.ConsumerCoordinator - [Consumer clientId=book-stats-app-1775449220903-7ab3d783-6464-4e83-955b-b52b0aa8419f-StreamThread-1-consumer, groupId=book-stats-app-1775449220903] Member book-stats-app-1775449220903-7ab3d783-6464-4e83-955b-b52b0aa8419f-StreamThread-1-consumer-f859d5f4-98f5-4513-941f-3da3dee85c58 sending LeaveGroup request to coordinator localhost:9093 (id: 2147483645 rack: null) due to the consumer unsubscribed from all topics
2026-04-06 11:20:25.106 [book-stats-app-1775449220903-7ab3d783-6464-4e83-955b-b52b0aa8419f-StreamThread-1] INFO  o.a.k.c.c.i.ConsumerCoordinator - [Consumer clientId=book-stats-app-1775449220903-7ab3d783-6464-4e83-955b-b52b0aa8419f-StreamThread-1-consumer, groupId=book-stats-app-1775449220903] Resetting generation and member id due to: consumer pro-actively leaving the group
2026-04-06 11:20:25.106 [book-stats-app-1775449220903-7ab3d783-6464-4e83-955b-b52b0aa8419f-StreamThread-1] INFO  o.a.k.c.c.i.ConsumerCoordinator - [Consumer clientId=book-stats-app-1775449220903-7ab3d783-6464-4e83-955b-b52b0aa8419f-StreamThread-1-consumer, groupId=book-stats-app-1775449220903] Request joining group due to: consumer pro-actively leaving the group
2026-04-06 11:20:25.106 [book-stats-app-1775449220903-7ab3d783-6464-4e83-955b-b52b0aa8419f-StreamThread-1] INFO  o.a.k.c.c.i.LegacyKafkaConsumer - [Consumer clientId=book-stats-app-1775449220903-7ab3d783-6464-4e83-955b-b52b0aa8419f-StreamThread-1-consumer, groupId=book-stats-app-1775449220903] Unsubscribed all topics or patterns and assigned partitions
2026-04-06 11:20:25.568 [book-stats-app-1775449220903-7ab3d783-6464-4e83-955b-b52b0aa8419f-StreamThread-1] INFO  o.a.kafka.common.metrics.Metrics - Metrics scheduler closed
2026-04-06 11:20:25.568 [book-stats-app-1775449220903-7ab3d783-6464-4e83-955b-b52b0aa8419f-StreamThread-1] INFO  o.a.kafka.common.metrics.Metrics - Closing reporter org.apache.kafka.common.metrics.JmxReporter
2026-04-06 11:20:25.568 [book-stats-app-1775449220903-7ab3d783-6464-4e83-955b-b52b0aa8419f-StreamThread-1] INFO  o.a.kafka.common.metrics.Metrics - Closing reporter org.apache.kafka.common.telemetry.internals.ClientTelemetryReporter
2026-04-06 11:20:25.568 [book-stats-app-1775449220903-7ab3d783-6464-4e83-955b-b52b0aa8419f-StreamThread-1] INFO  o.a.kafka.common.metrics.Metrics - Metrics reporters closed
2026-04-06 11:20:25.573 [book-stats-app-1775449220903-7ab3d783-6464-4e83-955b-b52b0aa8419f-StreamThread-1] INFO  o.a.kafka.common.utils.AppInfoParser - App info kafka.consumer for book-stats-app-1775449220903-7ab3d783-6464-4e83-955b-b52b0aa8419f-StreamThread-1-consumer unregistered
2026-04-06 11:20:25.575 [book-stats-app-1775449220903-7ab3d783-6464-4e83-955b-b52b0aa8419f-StreamThread-1] INFO  o.a.k.clients.FetchSessionHandler - [Consumer clientId=book-stats-app-1775449220903-7ab3d783-6464-4e83-955b-b52b0aa8419f-StreamThread-1-restore-consumer, groupId=null] Node 3 sent an invalid full fetch response with extraIds=(_a4IBsa0QWKHddmWBeCpew), response=()
2026-04-06 11:20:25.576 [book-stats-app-1775449220903-7ab3d783-6464-4e83-955b-b52b0aa8419f-StreamThread-1] INFO  o.a.kafka.common.metrics.Metrics - Metrics scheduler closed
2026-04-06 11:20:25.576 [book-stats-app-1775449220903-7ab3d783-6464-4e83-955b-b52b0aa8419f-StreamThread-1] INFO  o.a.kafka.common.metrics.Metrics - Closing reporter org.apache.kafka.common.metrics.JmxReporter
2026-04-06 11:20:25.576 [book-stats-app-1775449220903-7ab3d783-6464-4e83-955b-b52b0aa8419f-StreamThread-1] INFO  o.a.kafka.common.metrics.Metrics - Closing reporter org.apache.kafka.common.telemetry.internals.ClientTelemetryReporter
2026-04-06 11:20:25.576 [book-stats-app-1775449220903-7ab3d783-6464-4e83-955b-b52b0aa8419f-StreamThread-1] INFO  o.a.kafka.common.metrics.Metrics - Metrics reporters closed
2026-04-06 11:20:25.578 [book-stats-app-1775449220903-7ab3d783-6464-4e83-955b-b52b0aa8419f-StreamThread-1] INFO  o.a.kafka.common.utils.AppInfoParser - App info kafka.consumer for book-stats-app-1775449220903-7ab3d783-6464-4e83-955b-b52b0aa8419f-StreamThread-1-restore-consumer unregistered
2026-04-06 11:20:25.579 [book-stats-app-1775449220903-7ab3d783-6464-4e83-955b-b52b0aa8419f-StreamThread-1] INFO  o.a.k.s.p.internals.StreamThread - stream-thread [book-stats-app-1775449220903-7ab3d783-6464-4e83-955b-b52b0aa8419f-StreamThread-1] State transition from PENDING_SHUTDOWN to DEAD
2026-04-06 11:20:25.579 [book-stats-app-1775449220903-7ab3d783-6464-4e83-955b-b52b0aa8419f-StreamThread-1] INFO  o.a.k.s.p.internals.StreamThread - stream-thread [book-stats-app-1775449220903-7ab3d783-6464-4e83-955b-b52b0aa8419f-StreamThread-1] Shutdown complete
2026-04-06 11:20:25.579 [book-stats-app-1775449220903-7ab3d783-6464-4e83-955b-b52b0aa8419f-CloseThread] INFO  o.apache.kafka.streams.KafkaStreams - stream-client [book-stats-app-1775449220903-7ab3d783-6464-4e83-955b-b52b0aa8419f] Shutdown 1 stream threads complete
2026-04-06 11:20:25.580 [kafka-admin-client-thread | book-stats-app-1775449220903-7ab3d783-6464-4e83-955b-b52b0aa8419f-admin] INFO  o.a.kafka.common.utils.AppInfoParser - App info kafka.admin.client for book-stats-app-1775449220903-7ab3d783-6464-4e83-955b-b52b0aa8419f-admin unregistered
2026-04-06 11:20:25.582 [kafka-admin-client-thread | book-stats-app-1775449220903-7ab3d783-6464-4e83-955b-b52b0aa8419f-admin] INFO  o.a.kafka.common.metrics.Metrics - Metrics scheduler closed
2026-04-06 11:20:25.582 [kafka-admin-client-thread | book-stats-app-1775449220903-7ab3d783-6464-4e83-955b-b52b0aa8419f-admin] INFO  o.a.kafka.common.metrics.Metrics - Closing reporter org.apache.kafka.common.metrics.JmxReporter
2026-04-06 11:20:25.582 [kafka-admin-client-thread | book-stats-app-1775449220903-7ab3d783-6464-4e83-955b-b52b0aa8419f-admin] INFO  o.a.kafka.common.metrics.Metrics - Metrics reporters closed
2026-04-06 11:20:25.582 [book-stats-app-1775449220903-7ab3d783-6464-4e83-955b-b52b0aa8419f-CloseThread] INFO  o.a.kafka.common.metrics.Metrics - Metrics scheduler closed
2026-04-06 11:20:25.582 [book-stats-app-1775449220903-7ab3d783-6464-4e83-955b-b52b0aa8419f-CloseThread] INFO  o.a.kafka.common.metrics.Metrics - Closing reporter org.apache.kafka.common.metrics.JmxReporter
2026-04-06 11:20:25.582 [book-stats-app-1775449220903-7ab3d783-6464-4e83-955b-b52b0aa8419f-CloseThread] INFO  o.a.kafka.common.metrics.Metrics - Metrics reporters closed
2026-04-06 11:20:25.582 [book-stats-app-1775449220903-7ab3d783-6464-4e83-955b-b52b0aa8419f-CloseThread] INFO  o.apache.kafka.streams.KafkaStreams - stream-client [book-stats-app-1775449220903-7ab3d783-6464-4e83-955b-b52b0aa8419f] State transition from PENDING_ERROR to ERROR
2026-04-06 11:22:07.567 [Thread-4] WARN  o.a.k.c.c.internals.FetchCollector - [Consumer clientId=consumer-analytics-group-2, groupId=analytics-group] Received unknown topic or partition error in fetch for partition library.book-events-0
2026-04-06 11:22:07.567 [Thread-3] WARN  o.a.k.c.c.internals.FetchCollector - [Consumer clientId=consumer-inventory-group-3, groupId=inventory-group] Received unknown topic or partition error in fetch for partition library.book-events-0
2026-04-06 11:22:07.570 [Thread-4] WARN  o.apache.kafka.clients.NetworkClient - [Consumer clientId=consumer-analytics-group-2, groupId=analytics-group] Error while fetching metadata with correlation id 272 : {library.book-events=UNKNOWN_TOPIC_OR_PARTITION}
2026-04-06 11:22:07.570 [Thread-3] WARN  o.apache.kafka.clients.NetworkClient - [Consumer clientId=consumer-inventory-group-3, groupId=inventory-group] Error while fetching metadata with correlation id 253 : {library.book-events=UNKNOWN_TOPIC_OR_PARTITION}
2026-04-06 11:22:07.570 [Thread-3] INFO  o.a.k.c.c.i.ConsumerCoordinator - [Consumer clientId=consumer-inventory-group-3, groupId=inventory-group] Request joining group due to: cached metadata has changed from (version2: {library.book-events=[NO_RACKS]}) at the beginning of the rebalance to (version3: {library.book-events=[]})
2026-04-06 11:22:07.570 [Thread-4] INFO  o.a.k.c.c.i.ConsumerCoordinator - [Consumer clientId=consumer-analytics-group-2, groupId=analytics-group] Request joining group due to: cached metadata has changed from (version2: {library.book-events=[NO_RACKS]}) at the beginning of the rebalance to (version3: {library.book-events=[]})
2026-04-06 11:22:07.570 [Thread-3] INFO  o.a.k.c.c.i.ConsumerRebalanceListenerInvoker - [Consumer clientId=consumer-inventory-group-3, groupId=inventory-group] Revoke previously assigned partitions library.book-events-0
2026-04-06 11:22:07.571 [Thread-3] INFO  o.a.k.c.c.i.ConsumerCoordinator - [Consumer clientId=consumer-inventory-group-3, groupId=inventory-group] (Re-)joining group
2026-04-06 11:22:07.571 [Thread-4] WARN  o.a.k.c.c.internals.FetchCollector - [Consumer clientId=consumer-analytics-group-2, groupId=analytics-group] Received unknown topic or partition error in fetch for partition library.book-events-0
2026-04-06 11:22:07.573 [Thread-3] INFO  o.a.k.c.c.i.ConsumerCoordinator - [Consumer clientId=consumer-inventory-group-3, groupId=inventory-group] Successfully joined group with generation Generation{generationId=4, memberId='consumer-inventory-group-3-a46aa3b6-62de-41f6-95d9-a3155448e831', protocol='range'}
2026-04-06 11:22:07.576 [Thread-4] INFO  o.a.k.c.c.i.ConsumerRebalanceListenerInvoker - [Consumer clientId=consumer-analytics-group-2, groupId=analytics-group] Revoke previously assigned partitions library.book-events-0
2026-04-06 11:22:07.576 [Thread-4] INFO  o.a.k.c.c.i.ConsumerCoordinator - [Consumer clientId=consumer-analytics-group-2, groupId=analytics-group] (Re-)joining group
2026-04-06 11:22:07.578 [Thread-4] INFO  o.a.k.c.c.i.ConsumerCoordinator - [Consumer clientId=consumer-analytics-group-2, groupId=analytics-group] Successfully joined group with generation Generation{generationId=4, memberId='consumer-analytics-group-2-3584865f-fa8c-42f3-a6a4-8ba217ef5124', protocol='range'}
2026-04-06 11:22:07.678 [Thread-3] INFO  org.apache.kafka.clients.Metadata - [Consumer clientId=consumer-inventory-group-3, groupId=inventory-group] Resetting the last seen epoch of partition library.book-events-0 to 0 since the associated topicId changed from null to VbzAz9J5RjuHIB8qfL-zcQ
2026-04-06 11:22:07.678 [Thread-3] INFO  o.a.k.c.c.i.ConsumerCoordinator - [Consumer clientId=consumer-inventory-group-3, groupId=inventory-group] Finished assignment for group at generation 4: {consumer-inventory-group-3-a46aa3b6-62de-41f6-95d9-a3155448e831=Assignment(partitions=[library.book-events-0])}
2026-04-06 11:22:07.682 [Thread-3] INFO  o.a.k.c.c.i.ConsumerCoordinator - [Consumer clientId=consumer-inventory-group-3, groupId=inventory-group] Successfully synced group in generation Generation{generationId=4, memberId='consumer-inventory-group-3-a46aa3b6-62de-41f6-95d9-a3155448e831', protocol='range'}
2026-04-06 11:22:07.683 [Thread-3] INFO  o.a.k.c.c.i.ConsumerCoordinator - [Consumer clientId=consumer-inventory-group-3, groupId=inventory-group] Notifying assignor about the new Assignment(partitions=[library.book-events-0])
2026-04-06 11:22:07.683 [Thread-3] INFO  o.a.k.c.c.i.ConsumerRebalanceListenerInvoker - [Consumer clientId=consumer-inventory-group-3, groupId=inventory-group] Adding newly assigned partitions: library.book-events-0
2026-04-06 11:22:07.683 [Thread-4] INFO  org.apache.kafka.clients.Metadata - [Consumer clientId=consumer-analytics-group-2, groupId=analytics-group] Resetting the last seen epoch of partition library.book-events-0 to 0 since the associated topicId changed from null to VbzAz9J5RjuHIB8qfL-zcQ
2026-04-06 11:22:07.683 [Thread-4] INFO  o.a.k.c.c.i.ConsumerCoordinator - [Consumer clientId=consumer-analytics-group-2, groupId=analytics-group] Finished assignment for group at generation 4: {consumer-analytics-group-2-3584865f-fa8c-42f3-a6a4-8ba217ef5124=Assignment(partitions=[library.book-events-0])}
2026-04-06 11:22:07.684 [Thread-3] INFO  o.a.k.c.c.i.ConsumerCoordinator - [Consumer clientId=consumer-inventory-group-3, groupId=inventory-group] Found no committed offset for partition library.book-events-0
2026-04-06 11:22:07.687 [Thread-4] INFO  o.a.k.c.c.i.ConsumerCoordinator - [Consumer clientId=consumer-analytics-group-2, groupId=analytics-group] Successfully synced group in generation Generation{generationId=4, memberId='consumer-analytics-group-2-3584865f-fa8c-42f3-a6a4-8ba217ef5124', protocol='range'}
2026-04-06 11:22:07.687 [Thread-4] INFO  o.a.k.c.c.i.ConsumerCoordinator - [Consumer clientId=consumer-analytics-group-2, groupId=analytics-group] Notifying assignor about the new Assignment(partitions=[library.book-events-0])
2026-04-06 11:22:07.687 [Thread-4] INFO  o.a.k.c.c.i.ConsumerRebalanceListenerInvoker - [Consumer clientId=consumer-analytics-group-2, groupId=analytics-group] Adding newly assigned partitions: library.book-events-0
2026-04-06 11:22:07.688 [Thread-4] INFO  o.a.k.c.c.i.ConsumerCoordinator - [Consumer clientId=consumer-analytics-group-2, groupId=analytics-group] Found no committed offset for partition library.book-events-0
2026-04-06 11:22:07.694 [Thread-4] INFO  o.a.k.c.c.i.SubscriptionState - [Consumer clientId=consumer-analytics-group-2, groupId=analytics-group] Resetting offset for partition library.book-events-0 to position FetchPosition{offset=0, offsetEpoch=Optional.empty, currentLeader=LeaderAndEpoch{leader=Optional[localhost:9092 (id: 1 rack: null)], epoch=0}}.
2026-04-06 11:22:07.694 [Thread-3] INFO  o.a.k.c.c.i.SubscriptionState - [Consumer clientId=consumer-inventory-group-3, groupId=inventory-group] Resetting offset for partition library.book-events-0 to position FetchPosition{offset=0, offsetEpoch=Optional.empty, currentLeader=LeaderAndEpoch{leader=Optional[localhost:9092 (id: 1 rack: null)], epoch=0}}.
2026-04-06 11:22:14.865 [DefaultDispatcher-worker-3] INFO  o.a.k.c.producer.ProducerConfig - ProducerConfig values: 
	acks = -1
	auto.include.jmx.reporter = true
	batch.size = 16384
	bootstrap.servers = [localhost:9092]
	buffer.memory = 33554432
	client.dns.lookup = use_all_dns_ips
	client.id = producer-2
	compression.type = none
	connections.max.idle.ms = 540000
	delivery.timeout.ms = 120000
	enable.idempotence = true
	enable.metrics.push = true
	interceptor.classes = []
	key.serializer = class org.apache.kafka.common.serialization.StringSerializer
	linger.ms = 0
	max.block.ms = 60000
	max.in.flight.requests.per.connection = 5
	max.request.size = 1048576
	metadata.max.age.ms = 300000
	metadata.max.idle.ms = 300000
	metric.reporters = []
	metrics.num.samples = 2
	metrics.recording.level = INFO
	metrics.sample.window.ms = 30000
	partitioner.adaptive.partitioning.enable = true
	partitioner.availability.timeout.ms = 0
	partitioner.class = null
	partitioner.ignore.keys = false
	receive.buffer.bytes = 32768
	reconnect.backoff.max.ms = 1000
	reconnect.backoff.ms = 50
	request.timeout.ms = 30000
	retries = 3
	retry.backoff.max.ms = 1000
	retry.backoff.ms = 100
	sasl.client.callback.handler.class = null
	sasl.jaas.config = null
	sasl.kerberos.kinit.cmd = /usr/bin/kinit
	sasl.kerberos.min.time.before.relogin = 60000
	sasl.kerberos.service.name = null
	sasl.kerberos.ticket.renew.jitter = 0.05
	sasl.kerberos.ticket.renew.window.factor = 0.8
	sasl.login.callback.handler.class = null
	sasl.login.class = null
	sasl.login.connect.timeout.ms = null
	sasl.login.read.timeout.ms = null
	sasl.login.refresh.buffer.seconds = 300
	sasl.login.refresh.min.period.seconds = 60
	sasl.login.refresh.window.factor = 0.8
	sasl.login.refresh.window.jitter = 0.05
	sasl.login.retry.backoff.max.ms = 10000
	sasl.login.retry.backoff.ms = 100
	sasl.mechanism = GSSAPI
	sasl.oauthbearer.clock.skew.seconds = 30
	sasl.oauthbearer.expected.audience = null
	sasl.oauthbearer.expected.issuer = null
	sasl.oauthbearer.jwks.endpoint.refresh.ms = 3600000
	sasl.oauthbearer.jwks.endpoint.retry.backoff.max.ms = 10000
	sasl.oauthbearer.jwks.endpoint.retry.backoff.ms = 100
	sasl.oauthbearer.jwks.endpoint.url = null
	sasl.oauthbearer.scope.claim.name = scope
	sasl.oauthbearer.sub.claim.name = sub
	sasl.oauthbearer.token.endpoint.url = null
	security.protocol = PLAINTEXT
	security.providers = null
	send.buffer.bytes = 131072
	socket.connection.setup.timeout.max.ms = 30000
	socket.connection.setup.timeout.ms = 10000
	ssl.cipher.suites = null
	ssl.enabled.protocols = [TLSv1.2, TLSv1.3]
	ssl.endpoint.identification.algorithm = https
	ssl.engine.factory.class = null
	ssl.key.password = null
	ssl.keymanager.algorithm = SunX509
	ssl.keystore.certificate.chain = null
	ssl.keystore.key = null
	ssl.keystore.location = null
	ssl.keystore.password = null
	ssl.keystore.type = JKS
	ssl.protocol = TLSv1.3
	ssl.provider = null
	ssl.secure.random.implementation = null
	ssl.trustmanager.algorithm = PKIX
	ssl.truststore.certificates = null
	ssl.truststore.location = null
	ssl.truststore.password = null
	ssl.truststore.type = JKS
	transaction.timeout.ms = 60000
	transactional.id = null
	value.serializer = class org.apache.kafka.common.serialization.StringSerializer

2026-04-06 11:22:14.865 [DefaultDispatcher-worker-3] INFO  o.a.k.c.t.i.KafkaMetricsCollector - initializing Kafka metrics collector
2026-04-06 11:22:14.866 [DefaultDispatcher-worker-3] INFO  o.a.k.clients.producer.KafkaProducer - [Producer clientId=producer-2] Instantiated an idempotent producer.
2026-04-06 11:22:14.869 [DefaultDispatcher-worker-3] INFO  o.a.kafka.common.utils.AppInfoParser - Kafka version: 3.7.0
2026-04-06 11:22:14.869 [DefaultDispatcher-worker-3] INFO  o.a.kafka.common.utils.AppInfoParser - Kafka commitId: 2ae524ed625438c5
2026-04-06 11:22:14.869 [DefaultDispatcher-worker-3] INFO  o.a.kafka.common.utils.AppInfoParser - Kafka startTimeMs: 1775449334869
2026-04-06 11:22:14.873 [kafka-producer-network-thread | producer-2] INFO  org.apache.kafka.clients.Metadata - [Producer clientId=producer-2] Cluster ID: MkU3OEVBNTcwNTJENDM2Qg
2026-04-06 11:22:14.874 [kafka-producer-network-thread | producer-2] INFO  o.a.k.c.p.i.TransactionManager - [Producer clientId=producer-2] ProducerId set to 7 with epoch 0
Analytics event: {"eventId":"32549510-3ba3-4876-89e1-d5bc8e97973d","payload":{"bookCopyId":1,"officeId":1,"bookId":1,"status":"AVAILABLE"},"entityId":"book-copy-1","eventType":"BookIssued","source":"library-backend","version":1,"timestamp":"2026-04-06T04:22:14.863Z"}
Analytics event: {"eventId":"146b694d-c37a-4d3d-80b5-59d13ad1c3e7","payload":{"reservationId":1,"bookCopyId":1,"clientId":1},"entityId":"reservation-1","eventType":"ReservationCreated","source":"library-backend","version":1,"timestamp":"2026-04-06T04:22:14.924Z"}
Analytics event: {"eventId":"00d575d9-f597-4121-8398-1d23610895d9","payload":{"bookCopyId":1,"loanId":1,"clientId":1},"entityId":"loan-1","eventType":"BookLoaned","source":"library-backend","version":1,"timestamp":"2026-04-06T04:22:14.968Z"}
2026-04-06 11:22:22.239 [DefaultDispatcher-worker-6] ERROR Application - Unhandled: GET - /api/neo4j/similar-readers/1
org.neo4j.driver.exceptions.ClientException: Invalid input '\': expected an expression (line 1, column 23 (offset: 22))
"MATCH (c1:Client {id: \1})-[:BORROWED]->(copy:BookCopy)<-[:BORROWED]-(c2:Client)"
                       ^
	at org.neo4j.driver.internal.util.Futures.blockingGet(Futures.java:108)
	at org.neo4j.driver.internal.InternalSession.run(InternalSession.java:63)
	at org.neo4j.driver.internal.InternalSession.run(InternalSession.java:48)
	at org.neo4j.driver.internal.AbstractQueryRunner.run(AbstractQueryRunner.java:32)
	at com.example.app.neo4j.Neo4jService.getSimilarReaders(Neo4jService.kt:18)
	at com.example.app.neo4j.Neo4jApiKt$neo4j$2.invokeSuspend(Neo4jApi.kt:13)
	at com.example.app.neo4j.Neo4jApiKt$neo4j$2.invoke(Neo4jApi.kt)
	at com.example.app.neo4j.Neo4jApiKt$neo4j$2.invoke(Neo4jApi.kt)
	at io.ktor.server.routing.RoutingNode$buildPipeline$1$1.invokeSuspend(RoutingNode.kt:126)
	at io.ktor.server.routing.RoutingNode$buildPipeline$1$1.invoke(RoutingNode.kt)
	at io.ktor.server.routing.RoutingNode$buildPipeline$1$1.invoke(RoutingNode.kt)
	at io.ktor.util.pipeline.PipelineJvmKt.pipelineStartCoroutineUninterceptedOrReturn(PipelineJvm.kt:15)
	at io.ktor.util.pipeline.SuspendFunctionGun.loop(SuspendFunctionGun.kt:131)
	at io.ktor.util.pipeline.SuspendFunctionGun.proceed(SuspendFunctionGun.kt:89)
	at io.ktor.util.pipeline.SuspendFunctionGun.execute$ktor_utils(SuspendFunctionGun.kt:109)
	at io.ktor.util.pipeline.Pipeline.execute(Pipeline.kt:92)
	at io.ktor.server.routing.RoutingRoot$executeResult$$inlined$execute$1.invokeSuspend(Pipeline.kt:510)
	at io.ktor.server.routing.RoutingRoot$executeResult$$inlined$execute$1.invoke(Pipeline.kt)
	at io.ktor.server.routing.RoutingRoot$executeResult$$inlined$execute$1.invoke(Pipeline.kt)
	at io.ktor.util.debug.ContextUtilsKt.initContextInDebugMode(ContextUtils.kt:19)
	at io.ktor.server.routing.RoutingRoot.executeResult(RoutingRoot.kt:212)
	at io.ktor.server.routing.RoutingRoot.interceptor(RoutingRoot.kt:71)
	at io.ktor.server.routing.RoutingRoot$Plugin$install$1.invokeSuspend(RoutingRoot.kt:156)
	at io.ktor.server.routing.RoutingRoot$Plugin$install$1.invoke(RoutingRoot.kt)
	at io.ktor.server.routing.RoutingRoot$Plugin$install$1.invoke(RoutingRoot.kt)
	at io.ktor.util.pipeline.PipelineJvmKt.pipelineStartCoroutineUninterceptedOrReturn(PipelineJvm.kt:15)
	at io.ktor.util.pipeline.SuspendFunctionGun.loop(SuspendFunctionGun.kt:131)
	at io.ktor.util.pipeline.SuspendFunctionGun.proceed(SuspendFunctionGun.kt:89)
	at io.ktor.server.engine.BaseApplicationEngineKt$installDefaultTransformationChecker$1.invokeSuspend(BaseApplicationEngine.kt:119)
	at io.ktor.server.engine.BaseApplicationEngineKt$installDefaultTransformationChecker$1.invoke(BaseApplicationEngine.kt)
	at io.ktor.server.engine.BaseApplicationEngineKt$installDefaultTransformationChecker$1.invoke(BaseApplicationEngine.kt)
	at io.ktor.util.pipeline.PipelineJvmKt.pipelineStartCoroutineUninterceptedOrReturn(PipelineJvm.kt:15)
	at io.ktor.util.pipeline.SuspendFunctionGun.loop(SuspendFunctionGun.kt:131)
	at io.ktor.util.pipeline.SuspendFunctionGun.proceed(SuspendFunctionGun.kt:89)
	at io.ktor.util.pipeline.SuspendFunctionGun.execute$ktor_utils(SuspendFunctionGun.kt:109)
	at io.ktor.util.pipeline.Pipeline.execute(Pipeline.kt:92)
	at io.ktor.server.engine.DefaultEnginePipelineKt$defaultEnginePipeline$1$invokeSuspend$$inlined$execute$1.invokeSuspend(Pipeline.kt:510)
	at io.ktor.server.engine.DefaultEnginePipelineKt$defaultEnginePipeline$1$invokeSuspend$$inlined$execute$1.invoke(Pipeline.kt)
	at io.ktor.server.engine.DefaultEnginePipelineKt$defaultEnginePipeline$1$invokeSuspend$$inlined$execute$1.invoke(Pipeline.kt)
	at io.ktor.util.debug.ContextUtilsKt.initContextInDebugMode(ContextUtils.kt:19)
	at io.ktor.server.engine.DefaultEnginePipelineKt$defaultEnginePipeline$1.invokeSuspend(DefaultEnginePipeline.kt:134)
	at io.ktor.server.engine.DefaultEnginePipelineKt$defaultEnginePipeline$1.invoke(DefaultEnginePipeline.kt)
	at io.ktor.server.engine.DefaultEnginePipelineKt$defaultEnginePipeline$1.invoke(DefaultEnginePipeline.kt)
	at io.ktor.util.pipeline.PipelineJvmKt.pipelineStartCoroutineUninterceptedOrReturn(PipelineJvm.kt:15)
	at io.ktor.util.pipeline.SuspendFunctionGun.loop(SuspendFunctionGun.kt:131)
	at io.ktor.util.pipeline.SuspendFunctionGun.proceed(SuspendFunctionGun.kt:89)
	at io.ktor.server.engine.BaseApplicationResponse$Companion$setupFallbackResponse$1.invokeSuspend(BaseApplicationResponse.kt:349)
	at io.ktor.server.engine.BaseApplicationResponse$Companion$setupFallbackResponse$1.invoke(BaseApplicationResponse.kt)
	at io.ktor.server.engine.BaseApplicationResponse$Companion$setupFallbackResponse$1.invoke(BaseApplicationResponse.kt)
	at io.ktor.util.pipeline.PipelineJvmKt.pipelineStartCoroutineUninterceptedOrReturn(PipelineJvm.kt:15)
	at io.ktor.util.pipeline.SuspendFunctionGun.loop(SuspendFunctionGun.kt:131)
	at io.ktor.util.pipeline.SuspendFunctionGun.proceed(SuspendFunctionGun.kt:89)
	at io.ktor.util.pipeline.SuspendFunctionGun.execute$ktor_utils(SuspendFunctionGun.kt:109)
	at io.ktor.util.pipeline.Pipeline.execute(Pipeline.kt:92)
	at io.ktor.server.netty.NettyApplicationCallHandler$handleRequest$1$invokeSuspend$$inlined$execute$1.invokeSuspend(Pipeline.kt:510)
	at io.ktor.server.netty.NettyApplicationCallHandler$handleRequest$1$invokeSuspend$$inlined$execute$1.invoke(Pipeline.kt)
	at io.ktor.server.netty.NettyApplicationCallHandler$handleRequest$1$invokeSuspend$$inlined$execute$1.invoke(Pipeline.kt)
	at io.ktor.util.debug.ContextUtilsKt.initContextInDebugMode(ContextUtils.kt:19)
	at io.ktor.server.netty.NettyApplicationCallHandler$handleRequest$1.invokeSuspend(NettyApplicationCallHandler.kt:140)
	at io.ktor.server.netty.NettyApplicationCallHandler$handleRequest$1.invoke(NettyApplicationCallHandler.kt)
	at io.ktor.server.netty.NettyApplicationCallHandler$handleRequest$1.invoke(NettyApplicationCallHandler.kt)
	at kotlinx.coroutines.intrinsics.UndispatchedKt.startCoroutineUndispatched(Undispatched.kt:20)
	at kotlinx.coroutines.CoroutineStart.invoke(CoroutineStart.kt:360)
	at kotlinx.coroutines.AbstractCoroutine.start(AbstractCoroutine.kt:134)
	at kotlinx.coroutines.BuildersKt__Builders_commonKt.launch(Builders.common.kt:53)
	at kotlinx.coroutines.BuildersKt.launch(Unknown Source)
	at io.ktor.server.netty.NettyApplicationCallHandler.handleRequest(NettyApplicationCallHandler.kt:41)
	at io.ktor.server.netty.NettyApplicationCallHandler.channelRead(NettyApplicationCallHandler.kt:33)
	at io.netty.channel.AbstractChannelHandlerContext.fireChannelRead(AbstractChannelHandlerContext.java:356)
	at io.netty.channel.AbstractChannelHandlerContext.lambda$fireChannelRead$2(AbstractChannelHandlerContext.java:365)
	at io.netty.util.concurrent.AbstractEventExecutor.runTask(AbstractEventExecutor.java:148)
	at io.netty.util.concurrent.AbstractEventExecutor.safeExecute(AbstractEventExecutor.java:141)
	at io.netty.util.concurrent.SingleThreadEventExecutor.runAllTasks(SingleThreadEventExecutor.java:507)
	at io.netty.channel.SingleThreadIoEventLoop.run(SingleThreadIoEventLoop.java:183)
	at io.netty.util.concurrent.SingleThreadEventExecutor$5.run(SingleThreadEventExecutor.java:1073)
	at io.netty.util.internal.ThreadExecutorMap$2.run(ThreadExecutorMap.java:74)
	at io.netty.util.concurrent.FastThreadLocalRunnable.run(FastThreadLocalRunnable.java:30)
	at java.base/java.lang.Thread.run(Thread.java:1583)
	Suppressed: org.neo4j.driver.internal.util.ErrorUtil$InternalExceptionCause: null
		at org.neo4j.driver.internal.util.ErrorUtil.newNeo4jError(ErrorUtil.java:76)
		at org.neo4j.driver.internal.async.inbound.InboundMessageDispatcher.handleFailureMessage(InboundMessageDispatcher.java:111)
		at org.neo4j.driver.internal.messaging.common.CommonMessageReader.unpackFailureMessage(CommonMessageReader.java:62)
		at org.neo4j.driver.internal.messaging.common.CommonMessageReader.read(CommonMessageReader.java:46)
		at org.neo4j.driver.internal.async.inbound.InboundMessageHandler.channelRead0(InboundMessageHandler.java:78)
		at org.neo4j.driver.internal.async.inbound.InboundMessageHandler.channelRead0(InboundMessageHandler.java:34)
		at io.netty.channel.SimpleChannelInboundHandler.channelRead(SimpleChannelInboundHandler.java:99)
		at io.netty.channel.AbstractChannelHandlerContext.fireChannelRead(AbstractChannelHandlerContext.java:356)
		at io.netty.handler.codec.ByteToMessageDecoder.fireChannelRead(ByteToMessageDecoder.java:346)
		at io.netty.handler.codec.ByteToMessageDecoder.channelRead(ByteToMessageDecoder.java:318)
		at org.neo4j.driver.internal.async.inbound.MessageDecoder.channelRead(MessageDecoder.java:40)
		at io.netty.channel.AbstractChannelHandlerContext.fireChannelRead(AbstractChannelHandlerContext.java:356)
		at io.netty.handler.codec.ByteToMessageDecoder.fireChannelRead(ByteToMessageDecoder.java:346)
		at io.netty.handler.codec.ByteToMessageDecoder.fireChannelRead(ByteToMessageDecoder.java:333)
		at io.netty.handler.codec.ByteToMessageDecoder.callDecode(ByteToMessageDecoder.java:455)
		at io.netty.handler.codec.ByteToMessageDecoder.channelRead(ByteToMessageDecoder.java:290)
		at io.netty.channel.AbstractChannelHandlerContext.fireChannelRead(AbstractChannelHandlerContext.java:356)
		at io.netty.handler.timeout.IdleStateHandler.channelRead(IdleStateHandler.java:293)
		at io.netty.channel.AbstractChannelHandlerContext.fireChannelRead(AbstractChannelHandlerContext.java:354)
		at io.netty.channel.DefaultChannelPipeline$HeadContext.channelRead(DefaultChannelPipeline.java:1429)
		at io.netty.channel.DefaultChannelPipeline.fireChannelRead(DefaultChannelPipeline.java:918)
		at io.netty.channel.nio.AbstractNioByteChannel$NioByteUnsafe.read(AbstractNioByteChannel.java:167)
		at io.netty.channel.nio.AbstractNioChannel$AbstractNioUnsafe.handle(AbstractNioChannel.java:445)
		at io.netty.channel.nio.NioIoHandler$DefaultNioRegistration.handle(NioIoHandler.java:381)
		at io.netty.channel.nio.NioIoHandler.processSelectedKey(NioIoHandler.java:575)
		at io.netty.channel.nio.NioIoHandler.processSelectedKeysOptimized(NioIoHandler.java:550)
		at io.netty.channel.nio.NioIoHandler.processSelectedKeys(NioIoHandler.java:491)
		at io.netty.channel.nio.NioIoHandler.run(NioIoHandler.java:468)
		at io.netty.channel.SingleThreadIoEventLoop.runIo(SingleThreadIoEventLoop.java:207)
		at io.netty.channel.SingleThreadIoEventLoop.run(SingleThreadIoEventLoop.java:178)
		... 4 common frames omitted
2026-04-06 11:24:44.691 [Thread-3] WARN  o.a.k.c.c.internals.FetchCollector - [Consumer clientId=consumer-inventory-group-3, groupId=inventory-group] Received unknown topic or partition error in fetch for partition library.book-events-0
2026-04-06 11:24:44.691 [Thread-4] WARN  o.a.k.c.c.internals.FetchCollector - [Consumer clientId=consumer-analytics-group-2, groupId=analytics-group] Received unknown topic or partition error in fetch for partition library.book-events-0
2026-04-06 11:24:44.693 [Thread-4] WARN  o.a.k.c.c.internals.FetchCollector - [Consumer clientId=consumer-analytics-group-2, groupId=analytics-group] Received unknown topic or partition error in fetch for partition library.book-events-0
2026-04-06 11:24:44.693 [Thread-3] WARN  o.apache.kafka.clients.NetworkClient - [Consumer clientId=consumer-inventory-group-3, groupId=inventory-group] Error while fetching metadata with correlation id 632 : {library.book-events=UNKNOWN_TOPIC_OR_PARTITION}
2026-04-06 11:24:44.694 [Thread-3] INFO  o.a.k.c.c.i.ConsumerCoordinator - [Consumer clientId=consumer-inventory-group-3, groupId=inventory-group] Request joining group due to: cached metadata has changed from (version4: {library.book-events=[NO_RACKS]}) at the beginning of the rebalance to (version5: {library.book-events=[]})
2026-04-06 11:24:44.694 [Thread-3] INFO  o.a.k.c.c.i.ConsumerRebalanceListenerInvoker - [Consumer clientId=consumer-inventory-group-3, groupId=inventory-group] Revoke previously assigned partitions library.book-events-0
2026-04-06 11:24:44.694 [Thread-3] INFO  o.a.k.c.c.i.ConsumerCoordinator - [Consumer clientId=consumer-inventory-group-3, groupId=inventory-group] (Re-)joining group
2026-04-06 11:24:44.695 [Thread-4] WARN  o.a.k.c.c.internals.FetchCollector - [Consumer clientId=consumer-analytics-group-2, groupId=analytics-group] Received unknown topic or partition error in fetch for partition library.book-events-0
2026-04-06 11:24:44.695 [Thread-4] WARN  o.a.k.c.c.internals.FetchCollector - [Consumer clientId=consumer-analytics-group-2, groupId=analytics-group] Received unknown topic or partition error in fetch for partition library.book-events-0
2026-04-06 11:24:44.696 [Thread-4] WARN  o.apache.kafka.clients.NetworkClient - [Consumer clientId=consumer-analytics-group-2, groupId=analytics-group] Error while fetching metadata with correlation id 680 : {library.book-events=UNKNOWN_TOPIC_OR_PARTITION}
2026-04-06 11:24:44.696 [Thread-4] INFO  o.a.k.c.c.i.ConsumerCoordinator - [Consumer clientId=consumer-analytics-group-2, groupId=analytics-group] Request joining group due to: cached metadata has changed from (version4: {library.book-events=[NO_RACKS]}) at the beginning of the rebalance to (version5: {library.book-events=[]})
2026-04-06 11:24:44.696 [Thread-3] INFO  o.a.k.c.c.i.ConsumerCoordinator - [Consumer clientId=consumer-inventory-group-3, groupId=inventory-group] Successfully joined group with generation Generation{generationId=5, memberId='consumer-inventory-group-3-a46aa3b6-62de-41f6-95d9-a3155448e831', protocol='range'}
2026-04-06 11:24:44.697 [Thread-4] WARN  o.a.k.c.c.internals.FetchCollector - [Consumer clientId=consumer-analytics-group-2, groupId=analytics-group] Received unknown topic or partition error in fetch for partition library.book-events-0
2026-04-06 11:24:44.698 [Thread-4] WARN  o.a.k.c.c.i.ConsumerCoordinator - [Consumer clientId=consumer-analytics-group-2, groupId=analytics-group] Offset commit failed on partition library.book-events-0 at offset 3: This server does not host this topic-partition.
2026-04-06 11:24:44.798 [Thread-3] WARN  o.apache.kafka.clients.NetworkClient - [Consumer clientId=consumer-inventory-group-3, groupId=inventory-group] Error while fetching metadata with correlation id 634 : {library.book-events=UNKNOWN_TOPIC_OR_PARTITION}
2026-04-06 11:24:44.799 [Thread-3] INFO  o.a.k.c.c.i.ConsumerCoordinator - [Consumer clientId=consumer-inventory-group-3, groupId=inventory-group] Finished assignment for group at generation 5: {consumer-inventory-group-3-a46aa3b6-62de-41f6-95d9-a3155448e831=Assignment(partitions=[])}
2026-04-06 11:24:44.799 [Thread-4] WARN  o.a.k.c.c.i.ConsumerCoordinator - [Consumer clientId=consumer-analytics-group-2, groupId=analytics-group] Offset commit failed on partition library.book-events-0 at offset 3: This server does not host this topic-partition.
2026-04-06 11:24:44.800 [Thread-4] WARN  o.apache.kafka.clients.NetworkClient - [Consumer clientId=consumer-analytics-group-2, groupId=analytics-group] Error while fetching metadata with correlation id 686 : {library.book-events=UNKNOWN_TOPIC_OR_PARTITION}
2026-04-06 11:24:44.801 [Thread-4] WARN  o.a.k.c.c.i.ConsumerCoordinator - [Consumer clientId=consumer-analytics-group-2, groupId=analytics-group] Offset commit failed on partition library.book-events-0 at offset 3: This server does not host this topic-partition.
2026-04-06 11:24:44.802 [Thread-3] INFO  o.a.k.c.c.i.ConsumerCoordinator - [Consumer clientId=consumer-inventory-group-3, groupId=inventory-group] Successfully synced group in generation Generation{generationId=5, memberId='consumer-inventory-group-3-a46aa3b6-62de-41f6-95d9-a3155448e831', protocol='range'}
2026-04-06 11:24:44.803 [Thread-3] INFO  o.a.k.c.c.i.ConsumerCoordinator - [Consumer clientId=consumer-inventory-group-3, groupId=inventory-group] Notifying assignor about the new Assignment(partitions=[])
2026-04-06 11:24:44.803 [Thread-3] INFO  o.a.k.c.c.i.ConsumerRebalanceListenerInvoker - [Consumer clientId=consumer-inventory-group-3, groupId=inventory-group] Adding newly assigned partitions: 
2026-04-06 11:24:44.902 [Thread-4] WARN  o.a.k.c.c.i.ConsumerCoordinator - [Consumer clientId=consumer-analytics-group-2, groupId=analytics-group] Offset commit failed on partition library.book-events-0 at offset 3: This server does not host this topic-partition.
2026-04-06 11:24:45.004 [Thread-4] WARN  o.a.k.c.c.i.ConsumerCoordinator - [Consumer clientId=consumer-analytics-group-2, groupId=analytics-group] Offset commit failed on partition library.book-events-0 at offset 3: This server does not host this topic-partition.
2026-04-06 11:24:45.004 [Thread-4] INFO  org.apache.kafka.clients.Metadata - [Consumer clientId=consumer-analytics-group-2, groupId=analytics-group] Resetting the last seen epoch of partition library.book-events-0 to 0 since the associated topicId changed from null to M9emtG1ZTjKIko0fcKApGA
2026-04-06 11:24:45.036 [Thread-3] WARN  o.apache.kafka.clients.NetworkClient - [Consumer clientId=consumer-inventory-group-3, groupId=inventory-group] Error while fetching metadata with correlation id 636 : {library.book-events=UNKNOWN_TOPIC_OR_PARTITION}
2026-04-06 11:24:45.085 [Thread-4] INFO  o.a.k.c.c.i.ConsumerRebalanceListenerInvoker - [Consumer clientId=consumer-analytics-group-2, groupId=analytics-group] Revoke previously assigned partitions library.book-events-0
2026-04-06 11:24:45.085 [Thread-4] INFO  o.a.k.c.c.i.ConsumerCoordinator - [Consumer clientId=consumer-analytics-group-2, groupId=analytics-group] (Re-)joining group
2026-04-06 11:24:45.087 [Thread-4] INFO  o.a.k.c.c.i.ConsumerCoordinator - [Consumer clientId=consumer-analytics-group-2, groupId=analytics-group] Successfully joined group with generation Generation{generationId=5, memberId='consumer-analytics-group-2-3584865f-fa8c-42f3-a6a4-8ba217ef5124', protocol='range'}
2026-04-06 11:24:45.087 [Thread-4] INFO  o.a.k.c.c.i.ConsumerCoordinator - [Consumer clientId=consumer-analytics-group-2, groupId=analytics-group] Finished assignment for group at generation 5: {consumer-analytics-group-2-3584865f-fa8c-42f3-a6a4-8ba217ef5124=Assignment(partitions=[library.book-events-0])}
2026-04-06 11:24:45.091 [Thread-4] INFO  o.a.k.c.c.i.ConsumerCoordinator - [Consumer clientId=consumer-analytics-group-2, groupId=analytics-group] Successfully synced group in generation Generation{generationId=5, memberId='consumer-analytics-group-2-3584865f-fa8c-42f3-a6a4-8ba217ef5124', protocol='range'}
2026-04-06 11:24:45.092 [Thread-4] INFO  o.a.k.c.c.i.ConsumerCoordinator - [Consumer clientId=consumer-analytics-group-2, groupId=analytics-group] Notifying assignor about the new Assignment(partitions=[library.book-events-0])
2026-04-06 11:24:45.092 [Thread-4] INFO  o.a.k.c.c.i.ConsumerRebalanceListenerInvoker - [Consumer clientId=consumer-analytics-group-2, groupId=analytics-group] Adding newly assigned partitions: library.book-events-0
2026-04-06 11:24:45.093 [Thread-4] INFO  o.a.k.c.c.i.ConsumerCoordinator - [Consumer clientId=consumer-analytics-group-2, groupId=analytics-group] Found no committed offset for partition library.book-events-0
2026-04-06 11:24:45.094 [Thread-4] INFO  o.a.k.c.c.i.SubscriptionState - [Consumer clientId=consumer-analytics-group-2, groupId=analytics-group] Resetting offset for partition library.book-events-0 to position FetchPosition{offset=0, offsetEpoch=Optional.empty, currentLeader=LeaderAndEpoch{leader=Optional[localhost:9094 (id: 3 rack: null)], epoch=0}}.
2026-04-06 11:24:45.401 [Thread-3] INFO  org.apache.kafka.clients.Metadata - [Consumer clientId=consumer-inventory-group-3, groupId=inventory-group] Resetting the last seen epoch of partition library.book-events-0 to 0 since the associated topicId changed from null to M9emtG1ZTjKIko0fcKApGA
2026-04-06 11:24:45.401 [Thread-3] INFO  o.a.k.c.c.i.ConsumerCoordinator - [Consumer clientId=consumer-inventory-group-3, groupId=inventory-group] Request joining group due to: cached metadata has changed from (version6: {library.book-events=[]}) at the beginning of the rebalance to (version8: {library.book-events=[NO_RACKS]})
2026-04-06 11:24:45.401 [Thread-3] INFO  o.a.k.c.c.i.ConsumerRebalanceListenerInvoker - [Consumer clientId=consumer-inventory-group-3, groupId=inventory-group] Revoke previously assigned partitions 
2026-04-06 11:24:45.401 [Thread-3] INFO  o.a.k.c.c.i.ConsumerCoordinator - [Consumer clientId=consumer-inventory-group-3, groupId=inventory-group] (Re-)joining group
2026-04-06 11:24:45.403 [Thread-3] INFO  o.a.k.c.c.i.ConsumerCoordinator - [Consumer clientId=consumer-inventory-group-3, groupId=inventory-group] Successfully joined group with generation Generation{generationId=6, memberId='consumer-inventory-group-3-a46aa3b6-62de-41f6-95d9-a3155448e831', protocol='range'}
2026-04-06 11:24:45.403 [Thread-3] INFO  o.a.k.c.c.i.ConsumerCoordinator - [Consumer clientId=consumer-inventory-group-3, groupId=inventory-group] Finished assignment for group at generation 6: {consumer-inventory-group-3-a46aa3b6-62de-41f6-95d9-a3155448e831=Assignment(partitions=[library.book-events-0])}
2026-04-06 11:24:45.406 [Thread-3] INFO  o.a.k.c.c.i.ConsumerCoordinator - [Consumer clientId=consumer-inventory-group-3, groupId=inventory-group] Successfully synced group in generation Generation{generationId=6, memberId='consumer-inventory-group-3-a46aa3b6-62de-41f6-95d9-a3155448e831', protocol='range'}
2026-04-06 11:24:45.406 [Thread-3] INFO  o.a.k.c.c.i.ConsumerCoordinator - [Consumer clientId=consumer-inventory-group-3, groupId=inventory-group] Notifying assignor about the new Assignment(partitions=[library.book-events-0])
2026-04-06 11:24:45.406 [Thread-3] INFO  o.a.k.c.c.i.ConsumerRebalanceListenerInvoker - [Consumer clientId=consumer-inventory-group-3, groupId=inventory-group] Adding newly assigned partitions: library.book-events-0
2026-04-06 11:24:45.407 [Thread-3] INFO  o.a.k.c.c.i.ConsumerCoordinator - [Consumer clientId=consumer-inventory-group-3, groupId=inventory-group] Found no committed offset for partition library.book-events-0
2026-04-06 11:24:45.408 [Thread-3] INFO  o.a.k.c.c.i.SubscriptionState - [Consumer clientId=consumer-inventory-group-3, groupId=inventory-group] Resetting offset for partition library.book-events-0 to position FetchPosition{offset=0, offsetEpoch=Optional.empty, currentLeader=LeaderAndEpoch{leader=Optional[localhost:9094 (id: 3 rack: null)], epoch=0}}.
2026-04-06 11:24:50.842 [kafka-producer-network-thread | producer-2] WARN  o.a.k.c.producer.internals.Sender - [Producer clientId=producer-2] Got error produce response with correlation id 8 on topic-partition library.book-events-0, retrying (2 attempts left). Error: NOT_LEADER_OR_FOLLOWER
2026-04-06 11:24:50.843 [kafka-producer-network-thread | producer-2] WARN  o.a.k.c.producer.internals.Sender - [Producer clientId=producer-2] Received invalid metadata error in produce request on partition library.book-events-0 due to org.apache.kafka.common.errors.NotLeaderOrFollowerException: For requests intended only for the leader, this error indicates that the broker is not the current leader. For requests intended for any replica, this error indicates that the broker is not a replica of the topic partition.. Going to request metadata update now
2026-04-06 11:24:50.845 [kafka-producer-network-thread | producer-2] INFO  org.apache.kafka.clients.Metadata - [Producer clientId=producer-2] Resetting the last seen epoch of partition library.book-events-0 to 0 since the associated topicId changed from VbzAz9J5RjuHIB8qfL-zcQ to M9emtG1ZTjKIko0fcKApGA
Analytics event: {"eventId":"04540ed5-116d-4785-8ed1-bb43468e7e1f","payload":{"bookCopyId":2,"officeId":2,"bookId":2,"status":"AVAILABLE"},"entityId":"book-copy-2","eventType":"BookIssued","source":"library-backend","version":1,"timestamp":"2026-04-06T04:24:50.837Z"}
Analytics event: {"eventId":"270c86d0-6738-4379-a9bd-1bd7b47234d4","payload":{"reservationId":2,"bookCopyId":2,"clientId":2},"entityId":"reservation-2","eventType":"ReservationCreated","source":"library-backend","version":1,"timestamp":"2026-04-06T04:24:50.853Z"}
Analytics event: {"eventId":"bb2c2c32-fc1f-420c-888a-c57621356e9e","payload":{"bookCopyId":2,"loanId":2,"clientId":2},"entityId":"loan-2","eventType":"BookLoaned","source":"library-backend","version":1,"timestamp":"2026-04-06T04:24:50.865Z"}
2026-04-06 11:24:57.300 [DefaultDispatcher-worker-8] ERROR Application - Unhandled: GET - /api/neo4j/similar-readers/2
org.neo4j.driver.exceptions.ClientException: Invalid input '\': expected an expression (line 1, column 23 (offset: 22))
"MATCH (c1:Client {id: \2})-[:BORROWED]->(copy:BookCopy)<-[:BORROWED]-(c2:Client)"
                       ^
	at org.neo4j.driver.internal.util.Futures.blockingGet(Futures.java:108)
	at org.neo4j.driver.internal.InternalSession.run(InternalSession.java:63)
	at org.neo4j.driver.internal.InternalSession.run(InternalSession.java:48)
	at org.neo4j.driver.internal.AbstractQueryRunner.run(AbstractQueryRunner.java:32)
	at com.example.app.neo4j.Neo4jService.getSimilarReaders(Neo4jService.kt:18)
	at com.example.app.neo4j.Neo4jApiKt$neo4j$2.invokeSuspend(Neo4jApi.kt:13)
	at com.example.app.neo4j.Neo4jApiKt$neo4j$2.invoke(Neo4jApi.kt)
	at com.example.app.neo4j.Neo4jApiKt$neo4j$2.invoke(Neo4jApi.kt)
	at io.ktor.server.routing.RoutingNode$buildPipeline$1$1.invokeSuspend(RoutingNode.kt:126)
	at io.ktor.server.routing.RoutingNode$buildPipeline$1$1.invoke(RoutingNode.kt)
	at io.ktor.server.routing.RoutingNode$buildPipeline$1$1.invoke(RoutingNode.kt)
	at io.ktor.util.pipeline.PipelineJvmKt.pipelineStartCoroutineUninterceptedOrReturn(PipelineJvm.kt:15)
	at io.ktor.util.pipeline.SuspendFunctionGun.loop(SuspendFunctionGun.kt:131)
	at io.ktor.util.pipeline.SuspendFunctionGun.proceed(SuspendFunctionGun.kt:89)
	at io.ktor.util.pipeline.SuspendFunctionGun.execute$ktor_utils(SuspendFunctionGun.kt:109)
	at io.ktor.util.pipeline.Pipeline.execute(Pipeline.kt:92)
	at io.ktor.server.routing.RoutingRoot$executeResult$$inlined$execute$1.invokeSuspend(Pipeline.kt:510)
	at io.ktor.server.routing.RoutingRoot$executeResult$$inlined$execute$1.invoke(Pipeline.kt)
	at io.ktor.server.routing.RoutingRoot$executeResult$$inlined$execute$1.invoke(Pipeline.kt)
	at io.ktor.util.debug.ContextUtilsKt.initContextInDebugMode(ContextUtils.kt:19)
	at io.ktor.server.routing.RoutingRoot.executeResult(RoutingRoot.kt:212)
	at io.ktor.server.routing.RoutingRoot.interceptor(RoutingRoot.kt:71)
	at io.ktor.server.routing.RoutingRoot$Plugin$install$1.invokeSuspend(RoutingRoot.kt:156)
	at io.ktor.server.routing.RoutingRoot$Plugin$install$1.invoke(RoutingRoot.kt)
	at io.ktor.server.routing.RoutingRoot$Plugin$install$1.invoke(RoutingRoot.kt)
	at io.ktor.util.pipeline.PipelineJvmKt.pipelineStartCoroutineUninterceptedOrReturn(PipelineJvm.kt:15)
	at io.ktor.util.pipeline.SuspendFunctionGun.loop(SuspendFunctionGun.kt:131)
	at io.ktor.util.pipeline.SuspendFunctionGun.proceed(SuspendFunctionGun.kt:89)
	at io.ktor.server.engine.BaseApplicationEngineKt$installDefaultTransformationChecker$1.invokeSuspend(BaseApplicationEngine.kt:119)
	at io.ktor.server.engine.BaseApplicationEngineKt$installDefaultTransformationChecker$1.invoke(BaseApplicationEngine.kt)
	at io.ktor.server.engine.BaseApplicationEngineKt$installDefaultTransformationChecker$1.invoke(BaseApplicationEngine.kt)
	at io.ktor.util.pipeline.PipelineJvmKt.pipelineStartCoroutineUninterceptedOrReturn(PipelineJvm.kt:15)
	at io.ktor.util.pipeline.SuspendFunctionGun.loop(SuspendFunctionGun.kt:131)
	at io.ktor.util.pipeline.SuspendFunctionGun.proceed(SuspendFunctionGun.kt:89)
	at io.ktor.util.pipeline.SuspendFunctionGun.execute$ktor_utils(SuspendFunctionGun.kt:109)
	at io.ktor.util.pipeline.Pipeline.execute(Pipeline.kt:92)
	at io.ktor.server.engine.DefaultEnginePipelineKt$defaultEnginePipeline$1$invokeSuspend$$inlined$execute$1.invokeSuspend(Pipeline.kt:510)
	at io.ktor.server.engine.DefaultEnginePipelineKt$defaultEnginePipeline$1$invokeSuspend$$inlined$execute$1.invoke(Pipeline.kt)
	at io.ktor.server.engine.DefaultEnginePipelineKt$defaultEnginePipeline$1$invokeSuspend$$inlined$execute$1.invoke(Pipeline.kt)
	at io.ktor.util.debug.ContextUtilsKt.initContextInDebugMode(ContextUtils.kt:19)
	at io.ktor.server.engine.DefaultEnginePipelineKt$defaultEnginePipeline$1.invokeSuspend(DefaultEnginePipeline.kt:134)
	at io.ktor.server.engine.DefaultEnginePipelineKt$defaultEnginePipeline$1.invoke(DefaultEnginePipeline.kt)
	at io.ktor.server.engine.DefaultEnginePipelineKt$defaultEnginePipeline$1.invoke(DefaultEnginePipeline.kt)
	at io.ktor.util.pipeline.PipelineJvmKt.pipelineStartCoroutineUninterceptedOrReturn(PipelineJvm.kt:15)
	at io.ktor.util.pipeline.SuspendFunctionGun.loop(SuspendFunctionGun.kt:131)
	at io.ktor.util.pipeline.SuspendFunctionGun.proceed(SuspendFunctionGun.kt:89)
	at io.ktor.server.engine.BaseApplicationResponse$Companion$setupFallbackResponse$1.invokeSuspend(BaseApplicationResponse.kt:349)
	at io.ktor.server.engine.BaseApplicationResponse$Companion$setupFallbackResponse$1.invoke(BaseApplicationResponse.kt)
	at io.ktor.server.engine.BaseApplicationResponse$Companion$setupFallbackResponse$1.invoke(BaseApplicationResponse.kt)
	at io.ktor.util.pipeline.PipelineJvmKt.pipelineStartCoroutineUninterceptedOrReturn(PipelineJvm.kt:15)
	at io.ktor.util.pipeline.SuspendFunctionGun.loop(SuspendFunctionGun.kt:131)
	at io.ktor.util.pipeline.SuspendFunctionGun.proceed(SuspendFunctionGun.kt:89)
	at io.ktor.util.pipeline.SuspendFunctionGun.execute$ktor_utils(SuspendFunctionGun.kt:109)
	at io.ktor.util.pipeline.Pipeline.execute(Pipeline.kt:92)
	at io.ktor.server.netty.NettyApplicationCallHandler$handleRequest$1$invokeSuspend$$inlined$execute$1.invokeSuspend(Pipeline.kt:510)
	at io.ktor.server.netty.NettyApplicationCallHandler$handleRequest$1$invokeSuspend$$inlined$execute$1.invoke(Pipeline.kt)
	at io.ktor.server.netty.NettyApplicationCallHandler$handleRequest$1$invokeSuspend$$inlined$execute$1.invoke(Pipeline.kt)
	at io.ktor.util.debug.ContextUtilsKt.initContextInDebugMode(ContextUtils.kt:19)
	at io.ktor.server.netty.NettyApplicationCallHandler$handleRequest$1.invokeSuspend(NettyApplicationCallHandler.kt:140)
	at io.ktor.server.netty.NettyApplicationCallHandler$handleRequest$1.invoke(NettyApplicationCallHandler.kt)
	at io.ktor.server.netty.NettyApplicationCallHandler$handleRequest$1.invoke(NettyApplicationCallHandler.kt)
	at kotlinx.coroutines.intrinsics.UndispatchedKt.startCoroutineUndispatched(Undispatched.kt:20)
	at kotlinx.coroutines.CoroutineStart.invoke(CoroutineStart.kt:360)
	at kotlinx.coroutines.AbstractCoroutine.start(AbstractCoroutine.kt:134)
	at kotlinx.coroutines.BuildersKt__Builders_commonKt.launch(Builders.common.kt:53)
	at kotlinx.coroutines.BuildersKt.launch(Unknown Source)
	at io.ktor.server.netty.NettyApplicationCallHandler.handleRequest(NettyApplicationCallHandler.kt:41)
	at io.ktor.server.netty.NettyApplicationCallHandler.channelRead(NettyApplicationCallHandler.kt:33)
	at io.netty.channel.AbstractChannelHandlerContext.fireChannelRead(AbstractChannelHandlerContext.java:356)
	at io.netty.channel.AbstractChannelHandlerContext.lambda$fireChannelRead$2(AbstractChannelHandlerContext.java:365)
	at io.netty.util.concurrent.AbstractEventExecutor.runTask(AbstractEventExecutor.java:148)
	at io.netty.util.concurrent.AbstractEventExecutor.safeExecute(AbstractEventExecutor.java:141)
	at io.netty.util.concurrent.SingleThreadEventExecutor.runAllTasks(SingleThreadEventExecutor.java:507)
	at io.netty.channel.SingleThreadIoEventLoop.run(SingleThreadIoEventLoop.java:183)
	at io.netty.util.concurrent.SingleThreadEventExecutor$5.run(SingleThreadEventExecutor.java:1073)
	at io.netty.util.internal.ThreadExecutorMap$2.run(ThreadExecutorMap.java:74)
	at io.netty.util.concurrent.FastThreadLocalRunnable.run(FastThreadLocalRunnable.java:30)
	at java.base/java.lang.Thread.run(Thread.java:1583)
	Suppressed: org.neo4j.driver.internal.util.ErrorUtil$InternalExceptionCause: null
		at org.neo4j.driver.internal.util.ErrorUtil.newNeo4jError(ErrorUtil.java:76)
		at org.neo4j.driver.internal.async.inbound.InboundMessageDispatcher.handleFailureMessage(InboundMessageDispatcher.java:111)
		at org.neo4j.driver.internal.messaging.common.CommonMessageReader.unpackFailureMessage(CommonMessageReader.java:62)
		at org.neo4j.driver.internal.messaging.common.CommonMessageReader.read(CommonMessageReader.java:46)
		at org.neo4j.driver.internal.async.inbound.InboundMessageHandler.channelRead0(InboundMessageHandler.java:78)
		at org.neo4j.driver.internal.async.inbound.InboundMessageHandler.channelRead0(InboundMessageHandler.java:34)
		at io.netty.channel.SimpleChannelInboundHandler.channelRead(SimpleChannelInboundHandler.java:99)
		at io.netty.channel.AbstractChannelHandlerContext.fireChannelRead(AbstractChannelHandlerContext.java:356)
		at io.netty.handler.codec.ByteToMessageDecoder.fireChannelRead(ByteToMessageDecoder.java:346)
		at io.netty.handler.codec.ByteToMessageDecoder.channelRead(ByteToMessageDecoder.java:318)
		at org.neo4j.driver.internal.async.inbound.MessageDecoder.channelRead(MessageDecoder.java:40)
		at io.netty.channel.AbstractChannelHandlerContext.fireChannelRead(AbstractChannelHandlerContext.java:356)
		at io.netty.handler.codec.ByteToMessageDecoder.fireChannelRead(ByteToMessageDecoder.java:346)
		at io.netty.handler.codec.ByteToMessageDecoder.fireChannelRead(ByteToMessageDecoder.java:333)
		at io.netty.handler.codec.ByteToMessageDecoder.callDecode(ByteToMessageDecoder.java:455)
		at io.netty.handler.codec.ByteToMessageDecoder.channelRead(ByteToMessageDecoder.java:290)
		at io.netty.channel.AbstractChannelHandlerContext.fireChannelRead(AbstractChannelHandlerContext.java:356)
		at io.netty.handler.timeout.IdleStateHandler.channelRead(IdleStateHandler.java:293)
		at io.netty.channel.AbstractChannelHandlerContext.fireChannelRead(AbstractChannelHandlerContext.java:354)
		at io.netty.channel.DefaultChannelPipeline$HeadContext.channelRead(DefaultChannelPipeline.java:1429)
		at io.netty.channel.DefaultChannelPipeline.fireChannelRead(DefaultChannelPipeline.java:918)
		at io.netty.channel.nio.AbstractNioByteChannel$NioByteUnsafe.read(AbstractNioByteChannel.java:167)
		at io.netty.channel.nio.AbstractNioChannel$AbstractNioUnsafe.handle(AbstractNioChannel.java:445)
		at io.netty.channel.nio.NioIoHandler$DefaultNioRegistration.handle(NioIoHandler.java:381)
		at io.netty.channel.nio.NioIoHandler.processSelectedKey(NioIoHandler.java:575)
		at io.netty.channel.nio.NioIoHandler.processSelectedKeysOptimized(NioIoHandler.java:550)
		at io.netty.channel.nio.NioIoHandler.processSelectedKeys(NioIoHandler.java:491)
		at io.netty.channel.nio.NioIoHandler.run(NioIoHandler.java:468)
		at io.netty.channel.SingleThreadIoEventLoop.runIo(SingleThreadIoEventLoop.java:207)
		at io.netty.channel.SingleThreadIoEventLoop.run(SingleThreadIoEventLoop.java:178)
		... 4 common frames omitted
2026-04-06 11:25:35.860 [cluster-ClusterId{value='69d334848b78c7132d9cd658', description='null'}-localhost:27018] INFO  org.mongodb.driver.cluster - Exception in monitor thread while connecting to server localhost:27018
com.mongodb.MongoNodeIsRecoveringException: Command failed with error 11600 (InterruptedAtShutdown): 'interrupted at shutdown' on server localhost:27018. The full response is {"ok": 0.0, "errmsg": "interrupted at shutdown", "code": 11600, "codeName": "InterruptedAtShutdown", "$clusterTime": {"clusterTime": {"$timestamp": {"t": 1775449534, "i": 1}}, "signature": {"hash": {"$binary": {"base64": "AAAAAAAAAAAAAAAAAAAAAAAAAAA=", "subType": "00"}}, "keyId": 0}}, "operationTime": {"$timestamp": {"t": 1775449534, "i": 1}}}
	at com.mongodb.internal.connection.ProtocolHelper.createSpecialException(ProtocolHelper.java:251)
	at com.mongodb.internal.connection.ProtocolHelper.getCommandFailureException(ProtocolHelper.java:201)
	at com.mongodb.internal.connection.InternalStreamConnection.receiveCommandMessageResponse(InternalStreamConnection.java:448)
	at com.mongodb.internal.connection.InternalStreamConnection.receive(InternalStreamConnection.java:402)
	at com.mongodb.internal.connection.DefaultServerMonitor$ServerMonitorRunnable.lookupServerDescription(DefaultServerMonitor.java:227)
	at com.mongodb.internal.connection.DefaultServerMonitor$ServerMonitorRunnable.run(DefaultServerMonitor.java:159)
	at java.base/java.lang.Thread.run(Thread.java:1583)
2026-04-06 11:25:37.773 [Thread-4] INFO  o.apache.kafka.clients.NetworkClient - [Consumer clientId=consumer-analytics-group-2, groupId=analytics-group] Node 3 disconnected.
2026-04-06 11:25:37.774 [DefaultDispatcher-worker-1] INFO  o.apache.kafka.clients.NetworkClient - [Consumer clientId=consumer-library-consumers-1, groupId=library-consumers] Node -3 disconnected.
2026-04-06 11:25:37.776 [Thread-3] INFO  o.apache.kafka.clients.NetworkClient - [Consumer clientId=consumer-inventory-group-3, groupId=inventory-group] Node 2147483645 disconnected.
2026-04-06 11:25:37.777 [kafka-producer-network-thread | producer-2] INFO  o.apache.kafka.clients.NetworkClient - [Producer clientId=producer-2] Node 3 disconnected.
2026-04-06 11:25:37.777 [kafka-producer-network-thread | producer-1] INFO  o.apache.kafka.clients.NetworkClient - [Producer clientId=producer-1] Node -3 disconnected.
2026-04-06 11:25:37.781 [Thread-4] INFO  o.apache.kafka.clients.NetworkClient - [Consumer clientId=consumer-analytics-group-2, groupId=analytics-group] Cancelled in-flight FETCH request with correlation id 880 due to node 3 being disconnected (elapsed time since creation: 17ms, elapsed time since send: 17ms, request timeout: 30000ms)
2026-04-06 11:25:37.783 [Thread-3] INFO  o.a.k.c.c.i.ConsumerCoordinator - [Consumer clientId=consumer-inventory-group-3, groupId=inventory-group] Group coordinator localhost:9093 (id: 2147483645 rack: null) is unavailable or invalid due to cause: coordinator unavailable. isDisconnected: true. Rediscovery will be attempted.
2026-04-06 11:25:37.783 [Thread-3] INFO  o.apache.kafka.clients.NetworkClient - [Consumer clientId=consumer-inventory-group-3, groupId=inventory-group] Node 3 disconnected.
2026-04-06 11:25:37.784 [Thread-3] INFO  o.apache.kafka.clients.NetworkClient - [Consumer clientId=consumer-inventory-group-3, groupId=inventory-group] Cancelled in-flight FETCH request with correlation id 819 due to node 3 being disconnected (elapsed time since creation: 28ms, elapsed time since send: 28ms, request timeout: 30000ms)
2026-04-06 11:25:37.784 [Thread-3] INFO  o.a.k.clients.FetchSessionHandler - [Consumer clientId=consumer-inventory-group-3, groupId=inventory-group] Error sending fetch request (sessionId=1072045896, epoch=363) to node 3:
org.apache.kafka.common.errors.DisconnectException: null
2026-04-06 11:25:37.782 [Thread-4] INFO  o.a.k.clients.FetchSessionHandler - [Consumer clientId=consumer-analytics-group-2, groupId=analytics-group] Error sending fetch request (sessionId=1887201872, epoch=364) to node 3:
org.apache.kafka.common.errors.DisconnectException: null
2026-04-06 11:25:37.785 [DefaultDispatcher-worker-1] INFO  o.apache.kafka.clients.NetworkClient - [Consumer clientId=consumer-library-consumers-1, groupId=library-consumers] Node 3 disconnected.
2026-04-06 11:25:37.785 [DefaultDispatcher-worker-1] INFO  o.apache.kafka.clients.NetworkClient - [Consumer clientId=consumer-library-consumers-1, groupId=library-consumers] Cancelled in-flight FETCH request with correlation id 860 due to node 3 being disconnected (elapsed time since creation: 27ms, elapsed time since send: 27ms, request timeout: 30000ms)
2026-04-06 11:25:37.785 [DefaultDispatcher-worker-1] INFO  o.apache.kafka.clients.NetworkClient - [Consumer clientId=consumer-library-consumers-1, groupId=library-consumers] Node 2147483645 disconnected.
2026-04-06 11:25:37.786 [DefaultDispatcher-worker-1] INFO  o.a.k.clients.FetchSessionHandler - [Consumer clientId=consumer-library-consumers-1, groupId=library-consumers] Error sending fetch request (sessionId=818237569, epoch=678) to node 3:
org.apache.kafka.common.errors.DisconnectException: null
2026-04-06 11:25:37.786 [kafka-coordinator-heartbeat-thread | library-consumers] INFO  o.a.k.c.c.i.ConsumerCoordinator - [Consumer clientId=consumer-library-consumers-1, groupId=library-consumers] Group coordinator localhost:9093 (id: 2147483645 rack: null) is unavailable or invalid due to cause: coordinator unavailable. isDisconnected: true. Rediscovery will be attempted.
2026-04-06 11:25:37.791 [DefaultDispatcher-worker-1] INFO  o.apache.kafka.clients.NetworkClient - [Consumer clientId=consumer-library-consumers-1, groupId=library-consumers] Node 1 disconnected.
2026-04-06 11:25:37.791 [DefaultDispatcher-worker-1] INFO  o.apache.kafka.clients.NetworkClient - [Consumer clientId=consumer-library-consumers-1, groupId=library-consumers] Cancelled in-flight API_VERSIONS request with correlation id 862 due to node 1 being disconnected (elapsed time since creation: 3ms, elapsed time since send: 3ms, request timeout: 30000ms)
2026-04-06 11:25:37.797 [kafka-producer-network-thread | producer-2] INFO  o.apache.kafka.clients.NetworkClient - [Producer clientId=producer-2] Node -1 disconnected.
2026-04-06 11:25:37.797 [Thread-3] INFO  o.apache.kafka.clients.NetworkClient - [Consumer clientId=consumer-inventory-group-3, groupId=inventory-group] Node -1 disconnected.
2026-04-06 11:25:37.803 [Thread-4] INFO  o.apache.kafka.clients.NetworkClient - [Consumer clientId=consumer-analytics-group-2, groupId=analytics-group] Node 2147483646 disconnected.
2026-04-06 11:25:37.803 [kafka-producer-network-thread | producer-1] INFO  o.apache.kafka.clients.NetworkClient - [Producer clientId=producer-1] Node 1 disconnected.
2026-04-06 11:25:37.803 [Thread-3] INFO  o.apache.kafka.clients.NetworkClient - [Consumer clientId=consumer-inventory-group-3, groupId=inventory-group] Node 1 disconnected.
2026-04-06 11:25:37.803 [kafka-producer-network-thread | producer-1] INFO  o.apache.kafka.clients.NetworkClient - [Producer clientId=producer-1] Cancelled in-flight METADATA request with correlation id 8 due to node 1 being disconnected (elapsed time since creation: 21ms, elapsed time since send: 21ms, request timeout: 30000ms)
2026-04-06 11:25:37.803 [Thread-3] INFO  o.apache.kafka.clients.NetworkClient - [Consumer clientId=consumer-inventory-group-3, groupId=inventory-group] Cancelled in-flight FIND_COORDINATOR request with correlation id 820 due to node 1 being disconnected (elapsed time since creation: 20ms, elapsed time since send: 21ms, request timeout: 30000ms)
2026-04-06 11:25:37.803 [kafka-producer-network-thread | producer-2] INFO  o.apache.kafka.clients.NetworkClient - [Producer clientId=producer-2] Node 1 disconnected.
2026-04-06 11:25:37.803 [Thread-3] INFO  o.apache.kafka.clients.NetworkClient - [Consumer clientId=consumer-inventory-group-3, groupId=inventory-group] Cancelled in-flight METADATA request with correlation id 821 due to node 1 being disconnected (elapsed time since creation: 4ms, elapsed time since send: 4ms, request timeout: 30000ms)
2026-04-06 11:25:37.803 [kafka-producer-network-thread | producer-2] INFO  o.apache.kafka.clients.NetworkClient - [Producer clientId=producer-2] Cancelled in-flight METADATA request with correlation id 13 due to node 1 being disconnected (elapsed time since creation: 21ms, elapsed time since send: 21ms, request timeout: 30000ms)
2026-04-06 11:25:37.804 [Thread-4] INFO  o.a.k.c.c.i.ConsumerCoordinator - [Consumer clientId=consumer-analytics-group-2, groupId=analytics-group] Group coordinator localhost:9092 (id: 2147483646 rack: null) is unavailable or invalid due to cause: coordinator unavailable. isDisconnected: true. Rediscovery will be attempted.
2026-04-06 11:25:37.805 [Thread-4] INFO  o.apache.kafka.clients.NetworkClient - [Consumer clientId=consumer-analytics-group-2, groupId=analytics-group] Node -1 disconnected.
2026-04-06 11:25:37.806 [Thread-4] INFO  o.apache.kafka.clients.NetworkClient - [Consumer clientId=consumer-analytics-group-2, groupId=analytics-group] Node 1 disconnected.
2026-04-06 11:25:37.805 [kafka-producer-network-thread | producer-1] INFO  o.apache.kafka.clients.NetworkClient - [Producer clientId=producer-1] Node -1 disconnected.
2026-04-06 11:25:37.806 [Thread-4] INFO  o.apache.kafka.clients.NetworkClient - [Consumer clientId=consumer-analytics-group-2, groupId=analytics-group] Cancelled in-flight METADATA request with correlation id 881 due to node 1 being disconnected (elapsed time since creation: 4ms, elapsed time since send: 4ms, request timeout: 30000ms)
2026-04-06 11:25:37.806 [Thread-4] INFO  o.apache.kafka.clients.NetworkClient - [Consumer clientId=consumer-analytics-group-2, groupId=analytics-group] Cancelled in-flight FIND_COORDINATOR request with correlation id 882 due to node 1 being disconnected (elapsed time since creation: 2ms, elapsed time since send: 2ms, request timeout: 30000ms)
2026-04-06 11:25:37.876 [DefaultDispatcher-worker-1] INFO  o.apache.kafka.clients.NetworkClient - [Consumer clientId=consumer-library-consumers-1, groupId=library-consumers] Node -1 disconnected.
2026-04-06 11:25:37.896 [Thread-3] INFO  o.apache.kafka.clients.NetworkClient - [Consumer clientId=consumer-inventory-group-3, groupId=inventory-group] Node 2 disconnected.
2026-04-06 11:25:37.897 [Thread-3] INFO  o.apache.kafka.clients.NetworkClient - [Consumer clientId=consumer-inventory-group-3, groupId=inventory-group] Cancelled in-flight API_VERSIONS request with correlation id 822 due to node 2 being disconnected (elapsed time since creation: 1ms, elapsed time since send: 1ms, request timeout: 30000ms)
2026-04-06 11:25:37.906 [Thread-4] INFO  o.apache.kafka.clients.NetworkClient - [Consumer clientId=consumer-analytics-group-2, groupId=analytics-group] Node 2 disconnected.
2026-04-06 11:25:37.907 [Thread-4] INFO  o.apache.kafka.clients.NetworkClient - [Consumer clientId=consumer-analytics-group-2, groupId=analytics-group] Cancelled in-flight API_VERSIONS request with correlation id 883 due to node 2 being disconnected (elapsed time since creation: 0ms, elapsed time since send: 0ms, request timeout: 30000ms)
2026-04-06 11:25:37.907 [kafka-coordinator-heartbeat-thread | library-consumers] INFO  o.apache.kafka.clients.NetworkClient - [Consumer clientId=consumer-library-consumers-1, groupId=library-consumers] Node 3 disconnected.
2026-04-06 11:25:37.907 [kafka-coordinator-heartbeat-thread | library-consumers] INFO  o.apache.kafka.clients.NetworkClient - [Consumer clientId=consumer-library-consumers-1, groupId=library-consumers] Cancelled in-flight API_VERSIONS request with correlation id 864 due to node 3 being disconnected (elapsed time since creation: 0ms, elapsed time since send: 0ms, request timeout: 30000ms)
2026-04-06 11:25:37.907 [kafka-coordinator-heartbeat-thread | library-consumers] INFO  o.a.k.clients.FetchSessionHandler - [Consumer clientId=consumer-library-consumers-1, groupId=library-consumers] Error sending fetch request (sessionId=818237569, epoch=INITIAL) to node 3:
org.apache.kafka.common.errors.DisconnectException: null
2026-04-06 11:25:37.909 [DefaultDispatcher-worker-1] INFO  o.apache.kafka.clients.NetworkClient - [Consumer clientId=consumer-library-consumers-1, groupId=library-consumers] Node 2 disconnected.
2026-04-06 11:25:37.911 [DefaultDispatcher-worker-1] INFO  o.apache.kafka.clients.NetworkClient - [Consumer clientId=consumer-library-consumers-1, groupId=library-consumers] Cancelled in-flight API_VERSIONS request with correlation id 866 due to node 2 being disconnected (elapsed time since creation: 0ms, elapsed time since send: 0ms, request timeout: 30000ms)
2026-04-06 11:25:37.924 [kafka-producer-network-thread | producer-2] INFO  o.apache.kafka.clients.NetworkClient - [Producer clientId=producer-2] Node 2 disconnected.
2026-04-06 11:25:37.925 [kafka-producer-network-thread | producer-1] INFO  o.apache.kafka.clients.NetworkClient - [Producer clientId=producer-1] Node 2 disconnected.
2026-04-06 11:25:37.925 [kafka-producer-network-thread | producer-2] INFO  o.apache.kafka.clients.NetworkClient - [Producer clientId=producer-2] Cancelled in-flight API_VERSIONS request with correlation id 14 due to node 2 being disconnected (elapsed time since creation: 0ms, elapsed time since send: 0ms, request timeout: 30000ms)
2026-04-06 11:25:37.926 [kafka-producer-network-thread | producer-1] INFO  o.apache.kafka.clients.NetworkClient - [Producer clientId=producer-1] Cancelled in-flight API_VERSIONS request with correlation id 9 due to node 2 being disconnected (elapsed time since creation: 0ms, elapsed time since send: 0ms, request timeout: 30000ms)
2026-04-06 11:25:37.926 [Thread-4] INFO  o.apache.kafka.clients.NetworkClient - [Consumer clientId=consumer-analytics-group-2, groupId=analytics-group] Node 3 disconnected.
2026-04-06 11:25:37.926 [Thread-4] INFO  o.apache.kafka.clients.NetworkClient - [Consumer clientId=consumer-analytics-group-2, groupId=analytics-group] Cancelled in-flight API_VERSIONS request with correlation id 884 due to node 3 being disconnected (elapsed time since creation: 1ms, elapsed time since send: 1ms, request timeout: 30000ms)
2026-04-06 11:25:37.998 [Thread-4] INFO  o.apache.kafka.clients.NetworkClient - [Consumer clientId=consumer-analytics-group-2, groupId=analytics-group] Node 1 disconnected.
2026-04-06 11:25:37.998 [Thread-4] INFO  o.apache.kafka.clients.NetworkClient - [Consumer clientId=consumer-analytics-group-2, groupId=analytics-group] Cancelled in-flight API_VERSIONS request with correlation id 886 due to node 1 being disconnected (elapsed time since creation: 1ms, elapsed time since send: 1ms, request timeout: 30000ms)
2026-04-06 11:25:38.006 [kafka-coordinator-heartbeat-thread | inventory-group] INFO  o.a.k.clients.FetchSessionHandler - [Consumer clientId=consumer-inventory-group-3, groupId=inventory-group] Error sending fetch request (sessionId=1072045896, epoch=INITIAL) to node 3:
org.apache.kafka.common.errors.DisconnectException: null
2026-04-06 11:25:38.008 [Thread-3] INFO  o.apache.kafka.clients.NetworkClient - [Consumer clientId=consumer-inventory-group-3, groupId=inventory-group] Node 3 disconnected.
2026-04-06 11:25:38.008 [Thread-3] INFO  o.apache.kafka.clients.NetworkClient - [Consumer clientId=consumer-inventory-group-3, groupId=inventory-group] Cancelled in-flight API_VERSIONS request with correlation id 825 due to node 3 being disconnected (elapsed time since creation: 1ms, elapsed time since send: 1ms, request timeout: 30000ms)
2026-04-06 11:25:38.107 [DefaultDispatcher-worker-1] INFO  o.apache.kafka.clients.NetworkClient - [Consumer clientId=consumer-library-consumers-1, groupId=library-consumers] Node 1 disconnected.
2026-04-06 11:25:38.107 [DefaultDispatcher-worker-1] INFO  o.apache.kafka.clients.NetworkClient - [Consumer clientId=consumer-library-consumers-1, groupId=library-consumers] Cancelled in-flight API_VERSIONS request with correlation id 867 due to node 1 being disconnected (elapsed time since creation: 0ms, elapsed time since send: 0ms, request timeout: 30000ms)
2026-04-06 11:25:38.123 [Thread-3] INFO  o.apache.kafka.clients.NetworkClient - [Consumer clientId=consumer-inventory-group-3, groupId=inventory-group] Node 1 disconnected.
2026-04-06 11:25:38.123 [Thread-3] INFO  o.apache.kafka.clients.NetworkClient - [Consumer clientId=consumer-inventory-group-3, groupId=inventory-group] Cancelled in-flight API_VERSIONS request with correlation id 826 due to node 1 being disconnected (elapsed time since creation: 1ms, elapsed time since send: 1ms, request timeout: 30000ms)
2026-04-06 11:25:38.145 [kafka-producer-network-thread | producer-1] INFO  o.apache.kafka.clients.NetworkClient - [Producer clientId=producer-1] Node 3 disconnected.
2026-04-06 11:25:38.146 [kafka-producer-network-thread | producer-1] INFO  o.apache.kafka.clients.NetworkClient - [Producer clientId=producer-1] Cancelled in-flight API_VERSIONS request with correlation id 10 due to node 3 being disconnected (elapsed time since creation: 0ms, elapsed time since send: 0ms, request timeout: 30000ms)
2026-04-06 11:25:38.156 [Thread-4] INFO  o.apache.kafka.clients.NetworkClient - [Consumer clientId=consumer-analytics-group-2, groupId=analytics-group] Node 2 disconnected.
2026-04-06 11:25:38.156 [Thread-4] INFO  o.apache.kafka.clients.NetworkClient - [Consumer clientId=consumer-analytics-group-2, groupId=analytics-group] Cancelled in-flight API_VERSIONS request with correlation id 887 due to node 2 being disconnected (elapsed time since creation: 0ms, elapsed time since send: 0ms, request timeout: 30000ms)
2026-04-06 11:25:38.164 [kafka-producer-network-thread | producer-2] INFO  o.apache.kafka.clients.NetworkClient - [Producer clientId=producer-2] Node 3 disconnected.
2026-04-06 11:25:38.164 [kafka-producer-network-thread | producer-2] INFO  o.apache.kafka.clients.NetworkClient - [Producer clientId=producer-2] Cancelled in-flight API_VERSIONS request with correlation id 15 due to node 3 being disconnected (elapsed time since creation: 0ms, elapsed time since send: 0ms, request timeout: 30000ms)
2026-04-06 11:25:38.499 [Thread-4] INFO  o.apache.kafka.clients.NetworkClient - [Consumer clientId=consumer-analytics-group-2, groupId=analytics-group] Node 3 disconnected.
2026-04-06 11:25:38.500 [Thread-4] INFO  o.apache.kafka.clients.NetworkClient - [Consumer clientId=consumer-analytics-group-2, groupId=analytics-group] Cancelled in-flight API_VERSIONS request with correlation id 890 due to node 3 being disconnected (elapsed time since creation: 0ms, elapsed time since send: 0ms, request timeout: 30000ms)
2026-04-06 11:25:38.500 [Thread-4] INFO  o.a.k.clients.FetchSessionHandler - [Consumer clientId=consumer-analytics-group-2, groupId=analytics-group] Error sending fetch request (sessionId=1887201872, epoch=INITIAL) to node 3:
org.apache.kafka.common.errors.DisconnectException: null
2026-04-06 11:25:38.507 [kafka-coordinator-heartbeat-thread | inventory-group] INFO  o.a.k.clients.FetchSessionHandler - [Consumer clientId=consumer-inventory-group-3, groupId=inventory-group] Error sending fetch request (sessionId=1072045896, epoch=INITIAL) to node 3:
org.apache.kafka.common.errors.DisconnectException: null
2026-04-06 11:25:38.508 [Thread-3] INFO  o.apache.kafka.clients.NetworkClient - [Consumer clientId=consumer-inventory-group-3, groupId=inventory-group] Node 2 disconnected.
2026-04-06 11:25:38.508 [Thread-3] INFO  o.apache.kafka.clients.NetworkClient - [Consumer clientId=consumer-inventory-group-3, groupId=inventory-group] Cancelled in-flight API_VERSIONS request with correlation id 829 due to node 2 being disconnected (elapsed time since creation: 0ms, elapsed time since send: 0ms, request timeout: 30000ms)
2026-04-06 11:25:38.530 [DefaultDispatcher-worker-1] INFO  o.apache.kafka.clients.NetworkClient - [Consumer clientId=consumer-library-consumers-1, groupId=library-consumers] Node 3 disconnected.
2026-04-06 11:25:38.530 [DefaultDispatcher-worker-1] INFO  o.apache.kafka.clients.NetworkClient - [Consumer clientId=consumer-library-consumers-1, groupId=library-consumers] Cancelled in-flight API_VERSIONS request with correlation id 868 due to node 3 being disconnected (elapsed time since creation: 1ms, elapsed time since send: 1ms, request timeout: 30000ms)
2026-04-06 11:25:38.581 [kafka-producer-network-thread | producer-1] INFO  o.apache.kafka.clients.NetworkClient - [Producer clientId=producer-1] Node 1 disconnected.
2026-04-06 11:25:38.582 [kafka-producer-network-thread | producer-1] INFO  o.apache.kafka.clients.NetworkClient - [Producer clientId=producer-1] Cancelled in-flight API_VERSIONS request with correlation id 11 due to node 1 being disconnected (elapsed time since creation: 0ms, elapsed time since send: 0ms, request timeout: 30000ms)
2026-04-06 11:25:38.607 [kafka-producer-network-thread | producer-2] INFO  o.apache.kafka.clients.NetworkClient - [Producer clientId=producer-2] Node 1 disconnected.
2026-04-06 11:25:38.607 [kafka-producer-network-thread | producer-2] INFO  o.apache.kafka.clients.NetworkClient - [Producer clientId=producer-2] Cancelled in-flight API_VERSIONS request with correlation id 16 due to node 1 being disconnected (elapsed time since creation: 0ms, elapsed time since send: 0ms, request timeout: 30000ms)
2026-04-06 11:25:38.610 [kafka-producer-network-thread | producer-1] INFO  o.apache.kafka.clients.NetworkClient - [Producer clientId=producer-1] Node 2 disconnected.
2026-04-06 11:25:38.611 [kafka-producer-network-thread | producer-1] INFO  o.apache.kafka.clients.NetworkClient - [Producer clientId=producer-1] Cancelled in-flight API_VERSIONS request with correlation id 12 due to node 2 being disconnected (elapsed time since creation: 0ms, elapsed time since send: 0ms, request timeout: 30000ms)
2026-04-06 11:25:38.619 [Thread-4] INFO  o.apache.kafka.clients.NetworkClient - [Consumer clientId=consumer-analytics-group-2, groupId=analytics-group] Node 1 disconnected.
2026-04-06 11:25:38.619 [Thread-4] INFO  o.apache.kafka.clients.NetworkClient - [Consumer clientId=consumer-analytics-group-2, groupId=analytics-group] Cancelled in-flight API_VERSIONS request with correlation id 891 due to node 1 being disconnected (elapsed time since creation: 0ms, elapsed time since send: 0ms, request timeout: 30000ms)
2026-04-06 11:25:38.908 [kafka-coordinator-heartbeat-thread | library-consumers] INFO  o.a.k.clients.FetchSessionHandler - [Consumer clientId=consumer-library-consumers-1, groupId=library-consumers] Error sending fetch request (sessionId=818237569, epoch=INITIAL) to node 3:
org.apache.kafka.common.errors.DisconnectException: null
2026-04-06 11:25:38.909 [DefaultDispatcher-worker-1] INFO  o.apache.kafka.clients.NetworkClient - [Consumer clientId=consumer-library-consumers-1, groupId=library-consumers] Node 2 disconnected.
2026-04-06 11:25:38.909 [DefaultDispatcher-worker-1] WARN  o.apache.kafka.clients.NetworkClient - [Consumer clientId=consumer-library-consumers-1, groupId=library-consumers] Connection to node 2 (localhost/127.0.0.1:9093) could not be established. Node may not be available.
2026-04-06 11:25:39.000 [Thread-4] INFO  o.apache.kafka.clients.NetworkClient - [Consumer clientId=consumer-analytics-group-2, groupId=analytics-group] Node 2 disconnected.
2026-04-06 11:25:39.000 [Thread-4] WARN  o.apache.kafka.clients.NetworkClient - [Consumer clientId=consumer-analytics-group-2, groupId=analytics-group] Connection to node 2 (localhost/127.0.0.1:9093) could not be established. Node may not be available.
2026-04-06 11:25:39.000 [Thread-4] INFO  o.apache.kafka.clients.NetworkClient - [Consumer clientId=consumer-analytics-group-2, groupId=analytics-group] Node 3 disconnected.
2026-04-06 11:25:39.000 [Thread-4] INFO  o.apache.kafka.clients.NetworkClient - [Consumer clientId=consumer-analytics-group-2, groupId=analytics-group] Cancelled in-flight API_VERSIONS request with correlation id 894 due to node 3 being disconnected (elapsed time since creation: 0ms, elapsed time since send: 0ms, request timeout: 30000ms)
2026-04-06 11:25:39.000 [Thread-4] INFO  o.a.k.clients.FetchSessionHandler - [Consumer clientId=consumer-analytics-group-2, groupId=analytics-group] Error sending fetch request (sessionId=1887201872, epoch=INITIAL) to node 3:
org.apache.kafka.common.errors.DisconnectException: null
2026-04-06 11:25:39.009 [Thread-3] INFO  o.apache.kafka.clients.NetworkClient - [Consumer clientId=consumer-inventory-group-3, groupId=inventory-group] Node 3 disconnected.
2026-04-06 11:25:39.009 [Thread-3] INFO  o.apache.kafka.clients.NetworkClient - [Consumer clientId=consumer-inventory-group-3, groupId=inventory-group] Cancelled in-flight API_VERSIONS request with correlation id 832 due to node 3 being disconnected (elapsed time since creation: 1ms, elapsed time since send: 1ms, request timeout: 30000ms)
2026-04-06 11:25:39.009 [Thread-3] INFO  o.a.k.clients.FetchSessionHandler - [Consumer clientId=consumer-inventory-group-3, groupId=inventory-group] Error sending fetch request (sessionId=1072045896, epoch=INITIAL) to node 3:
org.apache.kafka.common.errors.DisconnectException: null
2026-04-06 11:25:39.349 [kafka-producer-network-thread | producer-2] INFO  o.apache.kafka.clients.NetworkClient - [Producer clientId=producer-2] Node 2 disconnected.
2026-04-06 11:25:39.349 [kafka-producer-network-thread | producer-2] WARN  o.apache.kafka.clients.NetworkClient - [Producer clientId=producer-2] Connection to node 2 (localhost/127.0.0.1:9093) could not be established. Node may not be available.
2026-04-06 11:25:39.370 [kafka-producer-network-thread | producer-1] INFO  o.apache.kafka.clients.NetworkClient - [Producer clientId=producer-1] Node 3 disconnected.
2026-04-06 11:25:39.370 [kafka-producer-network-thread | producer-1] INFO  o.apache.kafka.clients.NetworkClient - [Producer clientId=producer-1] Cancelled in-flight API_VERSIONS request with correlation id 13 due to node 3 being disconnected (elapsed time since creation: 0ms, elapsed time since send: 0ms, request timeout: 30000ms)
2026-04-06 11:25:39.420 [Thread-3] INFO  o.apache.kafka.clients.NetworkClient - [Consumer clientId=consumer-inventory-group-3, groupId=inventory-group] Node 1 disconnected.
2026-04-06 11:25:39.421 [Thread-3] WARN  o.apache.kafka.clients.NetworkClient - [Consumer clientId=consumer-inventory-group-3, groupId=inventory-group] Connection to node 1 (localhost/127.0.0.1:9092) could not be established. Node may not be available.
2026-04-06 11:25:39.430 [DefaultDispatcher-worker-1] INFO  o.apache.kafka.clients.NetworkClient - [Consumer clientId=consumer-library-consumers-1, groupId=library-consumers] Node 1 disconnected.
2026-04-06 11:25:39.430 [DefaultDispatcher-worker-1] WARN  o.apache.kafka.clients.NetworkClient - [Consumer clientId=consumer-library-consumers-1, groupId=library-consumers] Connection to node 1 (localhost/127.0.0.1:9092) could not be established. Node may not be available.
2026-04-06 11:25:39.434 [kafka-producer-network-thread | producer-2] INFO  o.apache.kafka.clients.NetworkClient - [Producer clientId=producer-2] Node 3 disconnected.
2026-04-06 11:25:39.434 [kafka-producer-network-thread | producer-2] INFO  o.apache.kafka.clients.NetworkClient - [Producer clientId=producer-2] Cancelled in-flight API_VERSIONS request with correlation id 17 due to node 3 being disconnected (elapsed time since creation: 1ms, elapsed time since send: 1ms, request timeout: 30000ms)
2026-04-06 11:25:39.500 [kafka-coordinator-heartbeat-thread | analytics-group] INFO  o.apache.kafka.clients.NetworkClient - [Consumer clientId=consumer-analytics-group-2, groupId=analytics-group] Node 1 disconnected.
2026-04-06 11:25:39.500 [kafka-coordinator-heartbeat-thread | analytics-group] WARN  o.apache.kafka.clients.NetworkClient - [Consumer clientId=consumer-analytics-group-2, groupId=analytics-group] Connection to node 1 (localhost/127.0.0.1:9092) could not be established. Node may not be available.
2026-04-06 11:25:39.501 [Thread-4] INFO  o.apache.kafka.clients.NetworkClient - [Consumer clientId=consumer-analytics-group-2, groupId=analytics-group] Node 2 disconnected.
2026-04-06 11:25:39.501 [Thread-4] WARN  o.apache.kafka.clients.NetworkClient - [Consumer clientId=consumer-analytics-group-2, groupId=analytics-group] Connection to node 2 (localhost/127.0.0.1:9093) could not be established. Node may not be available.
2026-04-06 11:25:39.502 [Thread-4] INFO  o.apache.kafka.clients.NetworkClient - [Consumer clientId=consumer-analytics-group-2, groupId=analytics-group] Node 3 disconnected.
2026-04-06 11:25:39.502 [Thread-4] INFO  o.apache.kafka.clients.NetworkClient - [Consumer clientId=consumer-analytics-group-2, groupId=analytics-group] Cancelled in-flight API_VERSIONS request with correlation id 897 due to node 3 being disconnected (elapsed time since creation: 1ms, elapsed time since send: 1ms, request timeout: 30000ms)
2026-04-06 11:25:39.502 [Thread-4] INFO  o.a.k.clients.FetchSessionHandler - [Consumer clientId=consumer-analytics-group-2, groupId=analytics-group] Error sending fetch request (sessionId=1887201872, epoch=INITIAL) to node 3:
org.apache.kafka.common.errors.DisconnectException: null
2026-04-06 11:25:39.509 [Thread-3] INFO  o.apache.kafka.clients.NetworkClient - [Consumer clientId=consumer-inventory-group-3, groupId=inventory-group] Node 3 disconnected.
2026-04-06 11:25:39.509 [Thread-3] INFO  o.apache.kafka.clients.NetworkClient - [Consumer clientId=consumer-inventory-group-3, groupId=inventory-group] Cancelled in-flight API_VERSIONS request with correlation id 835 due to node 3 being disconnected (elapsed time since creation: 1ms, elapsed time since send: 1ms, request timeout: 30000ms)
2026-04-06 11:25:39.509 [Thread-3] INFO  o.a.k.clients.FetchSessionHandler - [Consumer clientId=consumer-inventory-group-3, groupId=inventory-group] Error sending fetch request (sessionId=1072045896, epoch=INITIAL) to node 3:
org.apache.kafka.common.errors.DisconnectException: null
2026-04-06 11:25:39.910 [DefaultDispatcher-worker-1] INFO  o.apache.kafka.clients.NetworkClient - [Consumer clientId=consumer-library-consumers-1, groupId=library-consumers] Node 3 disconnected.
2026-04-06 11:25:39.910 [DefaultDispatcher-worker-1] INFO  o.apache.kafka.clients.NetworkClient - [Consumer clientId=consumer-library-consumers-1, groupId=library-consumers] Cancelled in-flight API_VERSIONS request with correlation id 873 due to node 3 being disconnected (elapsed time since creation: 1ms, elapsed time since send: 1ms, request timeout: 30000ms)
2026-04-06 11:25:39.910 [DefaultDispatcher-worker-1] INFO  o.a.k.clients.FetchSessionHandler - [Consumer clientId=consumer-library-consumers-1, groupId=library-consumers] Error sending fetch request (sessionId=818237569, epoch=INITIAL) to node 3:
org.apache.kafka.common.errors.DisconnectException: null
2026-04-06 11:25:40.002 [Thread-4] INFO  o.apache.kafka.clients.NetworkClient - [Consumer clientId=consumer-analytics-group-2, groupId=analytics-group] Node 1 disconnected.
2026-04-06 11:25:40.002 [Thread-4] WARN  o.apache.kafka.clients.NetworkClient - [Consumer clientId=consumer-analytics-group-2, groupId=analytics-group] Connection to node 1 (localhost/127.0.0.1:9092) could not be established. Node may not be available.
2026-04-06 11:25:40.008 [kafka-coordinator-heartbeat-thread | inventory-group] INFO  o.a.k.clients.FetchSessionHandler - [Consumer clientId=consumer-inventory-group-3, groupId=inventory-group] Error sending fetch request (sessionId=1072045896, epoch=INITIAL) to node 3:
org.apache.kafka.common.errors.DisconnectException: null
2026-04-06 11:25:40.009 [Thread-3] INFO  o.apache.kafka.clients.NetworkClient - [Consumer clientId=consumer-inventory-group-3, groupId=inventory-group] Node 2 disconnected.
2026-04-06 11:25:40.009 [Thread-3] WARN  o.apache.kafka.clients.NetworkClient - [Consumer clientId=consumer-inventory-group-3, groupId=inventory-group] Connection to node 2 (localhost/127.0.0.1:9093) could not be established. Node may not be available.
2026-04-06 11:25:40.304 [Thread-3] INFO  o.apache.kafka.clients.NetworkClient - [Consumer clientId=consumer-inventory-group-3, groupId=inventory-group] Node 1 disconnected.
2026-04-06 11:25:40.304 [Thread-3] WARN  o.apache.kafka.clients.NetworkClient - [Consumer clientId=consumer-inventory-group-3, groupId=inventory-group] Connection to node 1 (localhost/127.0.0.1:9092) could not be established. Node may not be available.
2026-04-06 11:25:40.372 [kafka-producer-network-thread | producer-1] INFO  o.apache.kafka.clients.NetworkClient - [Producer clientId=producer-1] Node 1 disconnected.
2026-04-06 11:25:40.372 [kafka-producer-network-thread | producer-1] WARN  o.apache.kafka.clients.NetworkClient - [Producer clientId=producer-1] Connection to node 1 (localhost/127.0.0.1:9092) could not be established. Node may not be available.
2026-04-06 11:25:40.405 [Thread-3] INFO  o.apache.kafka.clients.NetworkClient - [Consumer clientId=consumer-inventory-group-3, groupId=inventory-group] Node 3 disconnected.
2026-04-06 11:25:40.405 [Thread-3] INFO  o.apache.kafka.clients.NetworkClient - [Consumer clientId=consumer-inventory-group-3, groupId=inventory-group] Cancelled in-flight API_VERSIONS request with correlation id 838 due to node 3 being disconnected (elapsed time since creation: 0ms, elapsed time since send: 0ms, request timeout: 30000ms)
2026-04-06 11:25:40.421 [Thread-3] INFO  o.apache.kafka.clients.NetworkClient - [Consumer clientId=consumer-inventory-group-3, groupId=inventory-group] Node 2 disconnected.
2026-04-06 11:25:40.421 [Thread-3] WARN  o.apache.kafka.clients.NetworkClient - [Consumer clientId=consumer-inventory-group-3, groupId=inventory-group] Connection to node 2 (localhost/127.0.0.1:9093) could not be established. Node may not be available.
2026-04-06 11:25:40.431 [DefaultDispatcher-worker-1] INFO  o.apache.kafka.clients.NetworkClient - [Consumer clientId=consumer-library-consumers-1, groupId=library-consumers] Node 2 disconnected.
2026-04-06 11:25:40.431 [DefaultDispatcher-worker-1] WARN  o.apache.kafka.clients.NetworkClient - [Consumer clientId=consumer-library-consumers-1, groupId=library-consumers] Connection to node 2 (localhost/127.0.0.1:9093) could not be established. Node may not be available.
2026-04-06 11:25:40.435 [kafka-producer-network-thread | producer-2] INFO  o.apache.kafka.clients.NetworkClient - [Producer clientId=producer-2] Node 1 disconnected.
2026-04-06 11:25:40.435 [kafka-producer-network-thread | producer-2] WARN  o.apache.kafka.clients.NetworkClient - [Producer clientId=producer-2] Connection to node 1 (localhost/127.0.0.1:9092) could not be established. Node may not be available.
2026-04-06 11:25:40.471 [Thread-4] INFO  o.apache.kafka.clients.NetworkClient - [Consumer clientId=consumer-analytics-group-2, groupId=analytics-group] Node 2 disconnected.
2026-04-06 11:25:40.471 [Thread-4] WARN  o.apache.kafka.clients.NetworkClient - [Consumer clientId=consumer-analytics-group-2, groupId=analytics-group] Connection to node 2 (localhost/127.0.0.1:9093) could not be established. Node may not be available.
2026-04-06 11:25:40.504 [Thread-4] INFO  o.apache.kafka.clients.NetworkClient - [Consumer clientId=consumer-analytics-group-2, groupId=analytics-group] Node 3 disconnected.
2026-04-06 11:25:40.504 [Thread-4] INFO  o.apache.kafka.clients.NetworkClient - [Consumer clientId=consumer-analytics-group-2, groupId=analytics-group] Cancelled in-flight API_VERSIONS request with correlation id 901 due to node 3 being disconnected (elapsed time since creation: 1ms, elapsed time since send: 1ms, request timeout: 30000ms)
2026-04-06 11:25:40.504 [Thread-4] INFO  o.a.k.clients.FetchSessionHandler - [Consumer clientId=consumer-analytics-group-2, groupId=analytics-group] Error sending fetch request (sessionId=1887201872, epoch=INITIAL) to node 3:
org.apache.kafka.common.errors.DisconnectException: null
2026-04-06 11:25:40.910 [DefaultDispatcher-worker-1] INFO  o.apache.kafka.clients.NetworkClient - [Consumer clientId=consumer-library-consumers-1, groupId=library-consumers] Node 1 disconnected.
2026-04-06 11:25:40.910 [DefaultDispatcher-worker-1] WARN  o.apache.kafka.clients.NetworkClient - [Consumer clientId=consumer-library-consumers-1, groupId=library-consumers] Connection to node 1 (localhost/127.0.0.1:9092) could not be established. Node may not be available.
2026-04-06 11:25:40.911 [DefaultDispatcher-worker-1] INFO  o.apache.kafka.clients.NetworkClient - [Consumer clientId=consumer-library-consumers-1, groupId=library-consumers] Node 3 disconnected.
2026-04-06 11:25:40.911 [DefaultDispatcher-worker-1] INFO  o.apache.kafka.clients.NetworkClient - [Consumer clientId=consumer-library-consumers-1, groupId=library-consumers] Cancelled in-flight API_VERSIONS request with correlation id 876 due to node 3 being disconnected (elapsed time since creation: 1ms, elapsed time since send: 1ms, request timeout: 30000ms)
2026-04-06 11:25:40.911 [DefaultDispatcher-worker-1] INFO  o.a.k.clients.FetchSessionHandler - [Consumer clientId=consumer-library-consumers-1, groupId=library-consumers] Error sending fetch request (sessionId=818237569, epoch=INITIAL) to node 3:
org.apache.kafka.common.errors.DisconnectException: null
2026-04-06 11:25:41.009 [Thread-3] INFO  o.apache.kafka.clients.NetworkClient - [Consumer clientId=consumer-inventory-group-3, groupId=inventory-group] Node 1 disconnected.
2026-04-06 11:25:41.010 [Thread-3] WARN  o.apache.kafka.clients.NetworkClient - [Consumer clientId=consumer-inventory-group-3, groupId=inventory-group] Connection to node 1 (localhost/127.0.0.1:9092) could not be established. Node may not be available.
2026-04-06 11:25:41.316 [DefaultDispatcher-worker-1] INFO  o.apache.kafka.clients.NetworkClient - [Consumer clientId=consumer-library-consumers-1, groupId=library-consumers] Node 2 disconnected.
2026-04-06 11:25:41.316 [Thread-4] INFO  o.apache.kafka.clients.NetworkClient - [Consumer clientId=consumer-analytics-group-2, groupId=analytics-group] Node 1 disconnected.
2026-04-06 11:25:41.316 [Thread-4] WARN  o.apache.kafka.clients.NetworkClient - [Consumer clientId=consumer-analytics-group-2, groupId=analytics-group] Connection to node 1 (localhost/127.0.0.1:9092) could not be established. Node may not be available.
2026-04-06 11:25:41.316 [DefaultDispatcher-worker-1] WARN  o.apache.kafka.clients.NetworkClient - [Consumer clientId=consumer-library-consumers-1, groupId=library-consumers] Connection to node 2 (localhost/127.0.0.1:9093) could not be established. Node may not be available.
2026-04-06 11:25:41.373 [kafka-producer-network-thread | producer-1] INFO  o.apache.kafka.clients.NetworkClient - [Producer clientId=producer-1] Node 2 disconnected.
2026-04-06 11:25:41.373 [kafka-producer-network-thread | producer-1] WARN  o.apache.kafka.clients.NetworkClient - [Producer clientId=producer-1] Connection to node 2 (localhost/127.0.0.1:9093) could not be established. Node may not be available.
2026-04-06 11:25:41.404 [Thread-3] INFO  o.apache.kafka.clients.NetworkClient - [Consumer clientId=consumer-inventory-group-3, groupId=inventory-group] Node 3 disconnected.
2026-04-06 11:25:41.405 [Thread-3] INFO  o.apache.kafka.clients.NetworkClient - [Consumer clientId=consumer-inventory-group-3, groupId=inventory-group] Cancelled in-flight API_VERSIONS request with correlation id 840 due to node 3 being disconnected (elapsed time since creation: 0ms, elapsed time since send: 0ms, request timeout: 30000ms)
2026-04-06 11:25:41.417 [Thread-4] INFO  o.apache.kafka.clients.NetworkClient - [Consumer clientId=consumer-analytics-group-2, groupId=analytics-group] Node 2 disconnected.
2026-04-06 11:25:41.417 [Thread-4] WARN  o.apache.kafka.clients.NetworkClient - [Consumer clientId=consumer-analytics-group-2, groupId=analytics-group] Connection to node 2 (localhost/127.0.0.1:9093) could not be established. Node may not be available.
2026-04-06 11:25:41.421 [Thread-3] INFO  o.apache.kafka.clients.NetworkClient - [Consumer clientId=consumer-inventory-group-3, groupId=inventory-group] Node 2 disconnected.
2026-04-06 11:25:41.421 [Thread-3] WARN  o.apache.kafka.clients.NetworkClient - [Consumer clientId=consumer-inventory-group-3, groupId=inventory-group] Connection to node 2 (localhost/127.0.0.1:9093) could not be established. Node may not be available.
2026-04-06 11:25:41.436 [kafka-producer-network-thread | producer-2] INFO  o.apache.kafka.clients.NetworkClient - [Producer clientId=producer-2] Node 2 disconnected.
2026-04-06 11:25:41.436 [kafka-producer-network-thread | producer-2] WARN  o.apache.kafka.clients.NetworkClient - [Producer clientId=producer-2] Connection to node 2 (localhost/127.0.0.1:9093) could not be established. Node may not be available.
2026-04-06 11:25:41.505 [Thread-4] INFO  o.apache.kafka.clients.NetworkClient - [Consumer clientId=consumer-analytics-group-2, groupId=analytics-group] Node 3 disconnected.
2026-04-06 11:25:41.505 [Thread-4] INFO  o.apache.kafka.clients.NetworkClient - [Consumer clientId=consumer-analytics-group-2, groupId=analytics-group] Cancelled in-flight API_VERSIONS request with correlation id 905 due to node 3 being disconnected (elapsed time since creation: 1ms, elapsed time since send: 1ms, request timeout: 30000ms)
2026-04-06 11:25:41.505 [Thread-4] INFO  o.a.k.clients.FetchSessionHandler - [Consumer clientId=consumer-analytics-group-2, groupId=analytics-group] Error sending fetch request (sessionId=1887201872, epoch=INITIAL) to node 3:
org.apache.kafka.common.errors.DisconnectException: null
2026-04-06 11:25:41.912 [DefaultDispatcher-worker-1] INFO  o.apache.kafka.clients.NetworkClient - [Consumer clientId=consumer-library-consumers-1, groupId=library-consumers] Node 3 disconnected.
2026-04-06 11:25:41.912 [DefaultDispatcher-worker-1] INFO  o.apache.kafka.clients.NetworkClient - [Consumer clientId=consumer-library-consumers-1, groupId=library-consumers] Cancelled in-flight API_VERSIONS request with correlation id 879 due to node 3 being disconnected (elapsed time since creation: 1ms, elapsed time since send: 1ms, request timeout: 30000ms)
2026-04-06 11:25:41.912 [DefaultDispatcher-worker-1] INFO  o.a.k.clients.FetchSessionHandler - [Consumer clientId=consumer-library-consumers-1, groupId=library-consumers] Error sending fetch request (sessionId=818237569, epoch=INITIAL) to node 3:
org.apache.kafka.common.errors.DisconnectException: null
2026-04-06 11:25:42.010 [Thread-3] INFO  o.apache.kafka.clients.NetworkClient - [Consumer clientId=consumer-inventory-group-3, groupId=inventory-group] Node 1 disconnected.
2026-04-06 11:25:42.010 [Thread-3] WARN  o.apache.kafka.clients.NetworkClient - [Consumer clientId=consumer-inventory-group-3, groupId=inventory-group] Connection to node 1 (localhost/127.0.0.1:9092) could not be established. Node may not be available.
2026-04-06 11:25:42.317 [DefaultDispatcher-worker-1] INFO  o.apache.kafka.clients.NetworkClient - [Consumer clientId=consumer-library-consumers-1, groupId=library-consumers] Node 1 disconnected.
2026-04-06 11:25:42.317 [DefaultDispatcher-worker-1] WARN  o.apache.kafka.clients.NetworkClient - [Consumer clientId=consumer-library-consumers-1, groupId=library-consumers] Connection to node 1 (localhost/127.0.0.1:9092) could not be established. Node may not be available.
2026-04-06 11:25:42.374 [kafka-producer-network-thread | producer-1] INFO  o.apache.kafka.clients.NetworkClient - [Producer clientId=producer-1] Node 3 disconnected.
2026-04-06 11:25:42.375 [kafka-producer-network-thread | producer-1] INFO  o.apache.kafka.clients.NetworkClient - [Producer clientId=producer-1] Cancelled in-flight API_VERSIONS request with correlation id 14 due to node 3 being disconnected (elapsed time since creation: 0ms, elapsed time since send: 0ms, request timeout: 30000ms)
2026-04-06 11:25:42.379 [Thread-3] INFO  o.apache.kafka.clients.NetworkClient - [Consumer clientId=consumer-inventory-group-3, groupId=inventory-group] Node 2 disconnected.
2026-04-06 11:25:42.379 [Thread-3] WARN  o.apache.kafka.clients.NetworkClient - [Consumer clientId=consumer-inventory-group-3, groupId=inventory-group] Connection to node 2 (localhost/127.0.0.1:9093) could not be established. Node may not be available.
2026-04-06 11:25:42.418 [Thread-4] INFO  o.apache.kafka.clients.NetworkClient - [Consumer clientId=consumer-analytics-group-2, groupId=analytics-group] Node 1 disconnected.
2026-04-06 11:25:42.418 [Thread-4] WARN  o.apache.kafka.clients.NetworkClient - [Consumer clientId=consumer-analytics-group-2, groupId=analytics-group] Connection to node 1 (localhost/127.0.0.1:9092) could not be established. Node may not be available.
2026-04-06 11:25:42.430 [Thread-3] INFO  o.apache.kafka.clients.NetworkClient - [Consumer clientId=consumer-inventory-group-3, groupId=inventory-group] Node 3 disconnected.
2026-04-06 11:25:42.430 [Thread-3] INFO  o.apache.kafka.clients.NetworkClient - [Consumer clientId=consumer-inventory-group-3, groupId=inventory-group] Cancelled in-flight API_VERSIONS request with correlation id 842 due to node 3 being disconnected (elapsed time since creation: 0ms, elapsed time since send: 0ms, request timeout: 30000ms)
2026-04-06 11:25:42.438 [kafka-producer-network-thread | producer-2] INFO  o.apache.kafka.clients.NetworkClient - [Producer clientId=producer-2] Node 3 disconnected.
2026-04-06 11:25:42.438 [kafka-producer-network-thread | producer-2] INFO  o.apache.kafka.clients.NetworkClient - [Producer clientId=producer-2] Cancelled in-flight API_VERSIONS request with correlation id 18 due to node 3 being disconnected (elapsed time since creation: 1ms, elapsed time since send: 1ms, request timeout: 30000ms)
2026-04-06 11:25:42.598 [Thread-4] INFO  o.apache.kafka.clients.NetworkClient - [Consumer clientId=consumer-analytics-group-2, groupId=analytics-group] Node 3 disconnected.
2026-04-06 11:25:42.599 [Thread-4] INFO  o.apache.kafka.clients.NetworkClient - [Consumer clientId=consumer-analytics-group-2, groupId=analytics-group] Cancelled in-flight API_VERSIONS request with correlation id 908 due to node 3 being disconnected (elapsed time since creation: 93ms, elapsed time since send: 93ms, request timeout: 30000ms)
2026-04-06 11:25:42.599 [Thread-4] INFO  o.a.k.clients.FetchSessionHandler - [Consumer clientId=consumer-analytics-group-2, groupId=analytics-group] Error sending fetch request (sessionId=1887201872, epoch=INITIAL) to node 3:
org.apache.kafka.common.errors.DisconnectException: null
2026-04-06 11:25:42.912 [DefaultDispatcher-worker-1] INFO  o.apache.kafka.clients.NetworkClient - [Consumer clientId=consumer-library-consumers-1, groupId=library-consumers] Node 2 disconnected.
2026-04-06 11:25:42.912 [DefaultDispatcher-worker-1] WARN  o.apache.kafka.clients.NetworkClient - [Consumer clientId=consumer-library-consumers-1, groupId=library-consumers] Connection to node 2 (localhost/127.0.0.1:9093) could not be established. Node may not be available.
2026-04-06 11:25:43.006 [Thread-4] INFO  o.apache.kafka.clients.NetworkClient - [Consumer clientId=consumer-analytics-group-2, groupId=analytics-group] Node 2 disconnected.
2026-04-06 11:25:43.006 [Thread-4] WARN  o.apache.kafka.clients.NetworkClient - [Consumer clientId=consumer-analytics-group-2, groupId=analytics-group] Connection to node 2 (localhost/127.0.0.1:9093) could not be established. Node may not be available.
2026-04-06 11:25:43.011 [Thread-3] INFO  o.apache.kafka.clients.NetworkClient - [Consumer clientId=consumer-inventory-group-3, groupId=inventory-group] Node 1 disconnected.
2026-04-06 11:25:43.011 [Thread-3] WARN  o.apache.kafka.clients.NetworkClient - [Consumer clientId=consumer-inventory-group-3, groupId=inventory-group] Connection to node 1 (localhost/127.0.0.1:9092) could not be established. Node may not be available.
2026-04-06 11:25:43.294 [DefaultDispatcher-worker-1] INFO  o.apache.kafka.clients.NetworkClient - [Consumer clientId=consumer-library-consumers-1, groupId=library-consumers] Node 3 disconnected.
2026-04-06 11:25:43.294 [DefaultDispatcher-worker-1] INFO  o.apache.kafka.clients.NetworkClient - [Consumer clientId=consumer-library-consumers-1, groupId=library-consumers] Cancelled in-flight API_VERSIONS request with correlation id 881 due to node 3 being disconnected (elapsed time since creation: 0ms, elapsed time since send: 0ms, request timeout: 30000ms)
2026-04-06 11:25:43.295 [DefaultDispatcher-worker-1] INFO  o.apache.kafka.clients.NetworkClient - [Consumer clientId=consumer-library-consumers-1, groupId=library-consumers] Node 1 disconnected.
2026-04-06 11:25:43.295 [DefaultDispatcher-worker-1] WARN  o.apache.kafka.clients.NetworkClient - [Consumer clientId=consumer-library-consumers-1, groupId=library-consumers] Connection to node 1 (localhost/127.0.0.1:9092) could not be established. Node may not be available.
2026-04-06 11:25:43.375 [kafka-producer-network-thread | producer-1] INFO  o.apache.kafka.clients.NetworkClient - [Producer clientId=producer-1] Node 1 disconnected.
2026-04-06 11:25:43.375 [kafka-producer-network-thread | producer-1] WARN  o.apache.kafka.clients.NetworkClient - [Producer clientId=producer-1] Connection to node 1 (localhost/127.0.0.1:9092) could not be established. Node may not be available.
2026-04-06 11:25:43.418 [Thread-4] INFO  o.apache.kafka.clients.NetworkClient - [Consumer clientId=consumer-analytics-group-2, groupId=analytics-group] Node 1 disconnected.
2026-04-06 11:25:43.419 [Thread-4] WARN  o.apache.kafka.clients.NetworkClient - [Consumer clientId=consumer-analytics-group-2, groupId=analytics-group] Connection to node 1 (localhost/127.0.0.1:9092) could not be established. Node may not be available.
2026-04-06 11:25:43.431 [Thread-3] INFO  o.apache.kafka.clients.NetworkClient - [Consumer clientId=consumer-inventory-group-3, groupId=inventory-group] Node 2 disconnected.
2026-04-06 11:25:43.431 [Thread-3] WARN  o.apache.kafka.clients.NetworkClient - [Consumer clientId=consumer-inventory-group-3, groupId=inventory-group] Connection to node 2 (localhost/127.0.0.1:9093) could not be established. Node may not be available.
2026-04-06 11:25:43.439 [kafka-producer-network-thread | producer-2] INFO  o.apache.kafka.clients.NetworkClient - [Producer clientId=producer-2] Node 1 disconnected.
2026-04-06 11:25:43.439 [kafka-producer-network-thread | producer-2] WARN  o.apache.kafka.clients.NetworkClient - [Producer clientId=producer-2] Connection to node 1 (localhost/127.0.0.1:9092) could not be established. Node may not be available.
2026-04-06 11:25:43.505 [kafka-coordinator-heartbeat-thread | analytics-group] INFO  o.a.k.clients.FetchSessionHandler - [Consumer clientId=consumer-analytics-group-2, groupId=analytics-group] Error sending fetch request (sessionId=1887201872, epoch=INITIAL) to node 3:
org.apache.kafka.common.errors.DisconnectException: null
2026-04-06 11:25:43.506 [Thread-4] INFO  o.apache.kafka.clients.NetworkClient - [Consumer clientId=consumer-analytics-group-2, groupId=analytics-group] Node 3 disconnected.
2026-04-06 11:25:43.506 [Thread-4] INFO  o.apache.kafka.clients.NetworkClient - [Consumer clientId=consumer-analytics-group-2, groupId=analytics-group] Cancelled in-flight API_VERSIONS request with correlation id 912 due to node 3 being disconnected (elapsed time since creation: 0ms, elapsed time since send: 0ms, request timeout: 30000ms)
2026-04-06 11:25:43.512 [Thread-3] INFO  o.apache.kafka.clients.NetworkClient - [Consumer clientId=consumer-inventory-group-3, groupId=inventory-group] Node 3 disconnected.
2026-04-06 11:25:43.512 [Thread-3] INFO  o.apache.kafka.clients.NetworkClient - [Consumer clientId=consumer-inventory-group-3, groupId=inventory-group] Cancelled in-flight API_VERSIONS request with correlation id 846 due to node 3 being disconnected (elapsed time since creation: 0ms, elapsed time since send: 0ms, request timeout: 30000ms)
2026-04-06 11:25:43.512 [Thread-3] INFO  o.a.k.clients.FetchSessionHandler - [Consumer clientId=consumer-inventory-group-3, groupId=inventory-group] Error sending fetch request (sessionId=1072045896, epoch=INITIAL) to node 3:
org.apache.kafka.common.errors.DisconnectException: null
2026-04-06 11:25:43.913 [DefaultDispatcher-worker-1] INFO  o.apache.kafka.clients.NetworkClient - [Consumer clientId=consumer-library-consumers-1, groupId=library-consumers] Node 2 disconnected.
2026-04-06 11:25:43.913 [DefaultDispatcher-worker-1] WARN  o.apache.kafka.clients.NetworkClient - [Consumer clientId=consumer-library-consumers-1, groupId=library-consumers] Connection to node 2 (localhost/127.0.0.1:9093) could not be established. Node may not be available.
2026-04-06 11:25:44.006 [Thread-4] INFO  o.apache.kafka.clients.NetworkClient - [Consumer clientId=consumer-analytics-group-2, groupId=analytics-group] Node 2 disconnected.
2026-04-06 11:25:44.007 [Thread-4] WARN  o.apache.kafka.clients.NetworkClient - [Consumer clientId=consumer-analytics-group-2, groupId=analytics-group] Connection to node 2 (localhost/127.0.0.1:9093) could not be established. Node may not be available.
2026-04-06 11:25:44.013 [Thread-3] INFO  o.apache.kafka.clients.NetworkClient - [Consumer clientId=consumer-inventory-group-3, groupId=inventory-group] Node 1 disconnected.
2026-04-06 11:25:44.013 [Thread-3] WARN  o.apache.kafka.clients.NetworkClient - [Consumer clientId=consumer-inventory-group-3, groupId=inventory-group] Connection to node 1 (localhost/127.0.0.1:9092) could not be established. Node may not be available.
2026-04-06 11:25:44.295 [kafka-producer-network-thread | producer-1] INFO  o.apache.kafka.clients.NetworkClient - [Producer clientId=producer-1] Node 2 disconnected.
2026-04-06 11:25:44.295 [kafka-producer-network-thread | producer-1] WARN  o.apache.kafka.clients.NetworkClient - [Producer clientId=producer-1] Connection to node 2 (localhost/127.0.0.1:9093) could not be established. Node may not be available.
2026-04-06 11:25:44.295 [DefaultDispatcher-worker-1] INFO  o.apache.kafka.clients.NetworkClient - [Consumer clientId=consumer-library-consumers-1, groupId=library-consumers] Node 3 disconnected.
2026-04-06 11:25:44.295 [DefaultDispatcher-worker-1] WARN  o.apache.kafka.clients.NetworkClient - [Consumer clientId=consumer-library-consumers-1, groupId=library-consumers] Connection to node 3 (localhost/127.0.0.1:9094) could not be established. Node may not be available.
2026-04-06 11:25:44.390 [Thread-4] INFO  o.apache.kafka.clients.NetworkClient - [Consumer clientId=consumer-analytics-group-2, groupId=analytics-group] Node 1 disconnected.
2026-04-06 11:25:44.390 [Thread-4] WARN  o.apache.kafka.clients.NetworkClient - [Consumer clientId=consumer-analytics-group-2, groupId=analytics-group] Connection to node 1 (localhost/127.0.0.1:9092) could not be established. Node may not be available.
2026-04-06 11:25:44.432 [Thread-3] INFO  o.apache.kafka.clients.NetworkClient - [Consumer clientId=consumer-inventory-group-3, groupId=inventory-group] Node 2 disconnected.
2026-04-06 11:25:44.432 [Thread-3] WARN  o.apache.kafka.clients.NetworkClient - [Consumer clientId=consumer-inventory-group-3, groupId=inventory-group] Connection to node 2 (localhost/127.0.0.1:9093) could not be established. Node may not be available.
2026-04-06 11:25:44.439 [kafka-producer-network-thread | producer-2] INFO  o.apache.kafka.clients.NetworkClient - [Producer clientId=producer-2] Node 2 disconnected.
2026-04-06 11:25:44.440 [kafka-producer-network-thread | producer-2] WARN  o.apache.kafka.clients.NetworkClient - [Producer clientId=producer-2] Connection to node 2 (localhost/127.0.0.1:9093) could not be established. Node may not be available.
2026-04-06 11:25:44.491 [Thread-4] INFO  o.apache.kafka.clients.NetworkClient - [Consumer clientId=consumer-analytics-group-2, groupId=analytics-group] Node 3 disconnected.
2026-04-06 11:25:44.492 [Thread-4] WARN  o.apache.kafka.clients.NetworkClient - [Consumer clientId=consumer-analytics-group-2, groupId=analytics-group] Connection to node 3 (localhost/127.0.0.1:9094) could not be established. Node may not be available.
2026-04-06 11:25:44.514 [Thread-3] INFO  o.apache.kafka.clients.NetworkClient - [Consumer clientId=consumer-inventory-group-3, groupId=inventory-group] Node 3 disconnected.
2026-04-06 11:25:44.515 [Thread-3] WARN  o.apache.kafka.clients.NetworkClient - [Consumer clientId=consumer-inventory-group-3, groupId=inventory-group] Connection to node 3 (localhost/127.0.0.1:9094) could not be established. Node may not be available.
2026-04-06 11:25:44.515 [Thread-3] INFO  o.a.k.clients.FetchSessionHandler - [Consumer clientId=consumer-inventory-group-3, groupId=inventory-group] Error sending fetch request (sessionId=1072045896, epoch=INITIAL) to node 3:
org.apache.kafka.common.errors.DisconnectException: null
2026-04-06 11:25:45.008 [Thread-4] INFO  o.apache.kafka.clients.NetworkClient - [Consumer clientId=consumer-analytics-group-2, groupId=analytics-group] Node 2 disconnected.
2026-04-06 11:25:45.008 [Thread-4] WARN  o.apache.kafka.clients.NetworkClient - [Consumer clientId=consumer-analytics-group-2, groupId=analytics-group] Connection to node 2 (localhost/127.0.0.1:9093) could not be established. Node may not be available.
2026-04-06 11:25:45.015 [Thread-3] INFO  o.apache.kafka.clients.NetworkClient - [Consumer clientId=consumer-inventory-group-3, groupId=inventory-group] Node 1 disconnected.
2026-04-06 11:25:45.016 [Thread-3] WARN  o.apache.kafka.clients.NetworkClient - [Consumer clientId=consumer-inventory-group-3, groupId=inventory-group] Connection to node 1 (localhost/127.0.0.1:9092) could not be established. Node may not be available.
2026-04-06 11:25:45.107 [kafka-producer-network-thread | producer-1] INFO  o.apache.kafka.clients.NetworkClient - [Producer clientId=producer-1] Node 3 disconnected.
2026-04-06 11:25:45.108 [kafka-producer-network-thread | producer-1] WARN  o.apache.kafka.clients.NetworkClient - [Producer clientId=producer-1] Connection to node 3 (localhost/127.0.0.1:9094) could not be established. Node may not be available.
2026-04-06 11:25:45.108 [kafka-producer-network-thread | producer-1] INFO  o.apache.kafka.clients.NetworkClient - [Producer clientId=producer-1] Node 1 disconnected.
2026-04-06 11:25:45.108 [kafka-producer-network-thread | producer-1] WARN  o.apache.kafka.clients.NetworkClient - [Producer clientId=producer-1] Connection to node 1 (localhost/127.0.0.1:9092) could not be established. Node may not be available.
2026-04-06 11:25:45.234 [DefaultDispatcher-worker-1] INFO  o.apache.kafka.clients.NetworkClient - [Consumer clientId=consumer-library-consumers-1, groupId=library-consumers] Node 1 disconnected.
2026-04-06 11:25:45.235 [DefaultDispatcher-worker-1] WARN  o.apache.kafka.clients.NetworkClient - [Consumer clientId=consumer-library-consumers-1, groupId=library-consumers] Connection to node 1 (localhost/127.0.0.1:9092) could not be established. Node may not be available.
2026-04-06 11:25:45.398 [Thread-4] INFO  o.apache.kafka.clients.NetworkClient - [Consumer clientId=consumer-analytics-group-2, groupId=analytics-group] Node 1 disconnected.
2026-04-06 11:25:45.398 [Thread-4] WARN  o.apache.kafka.clients.NetworkClient - [Consumer clientId=consumer-analytics-group-2, groupId=analytics-group] Connection to node 1 (localhost/127.0.0.1:9092) could not be established. Node may not be available.
2026-04-06 11:25:45.433 [Thread-3] INFO  o.apache.kafka.clients.NetworkClient - [Consumer clientId=consumer-inventory-group-3, groupId=inventory-group] Node 2 disconnected.
2026-04-06 11:25:45.433 [Thread-3] WARN  o.apache.kafka.clients.NetworkClient - [Consumer clientId=consumer-inventory-group-3, groupId=inventory-group] Connection to node 2 (localhost/127.0.0.1:9093) could not be established. Node may not be available.
2026-04-06 11:25:45.440 [kafka-producer-network-thread | producer-2] INFO  o.apache.kafka.clients.NetworkClient - [Producer clientId=producer-2] Node 3 disconnected.
2026-04-06 11:25:45.440 [kafka-producer-network-thread | producer-2] WARN  o.apache.kafka.clients.NetworkClient - [Producer clientId=producer-2] Connection to node 3 (localhost/127.0.0.1:9094) could not be established. Node may not be available.
2026-04-06 11:25:45.499 [Thread-4] INFO  o.apache.kafka.clients.NetworkClient - [Consumer clientId=consumer-analytics-group-2, groupId=analytics-group] Node 3 disconnected.
2026-04-06 11:25:45.499 [Thread-4] WARN  o.apache.kafka.clients.NetworkClient - [Consumer clientId=consumer-analytics-group-2, groupId=analytics-group] Connection to node 3 (localhost/127.0.0.1:9094) could not be established. Node may not be available.
2026-04-06 11:25:45.516 [Thread-3] INFO  o.apache.kafka.clients.NetworkClient - [Consumer clientId=consumer-inventory-group-3, groupId=inventory-group] Node 3 disconnected.
2026-04-06 11:25:45.516 [Thread-3] WARN  o.apache.kafka.clients.NetworkClient - [Consumer clientId=consumer-inventory-group-3, groupId=inventory-group] Connection to node 3 (localhost/127.0.0.1:9094) could not be established. Node may not be available.
2026-04-06 11:25:45.516 [Thread-3] INFO  o.a.k.clients.FetchSessionHandler - [Consumer clientId=consumer-inventory-group-3, groupId=inventory-group] Error sending fetch request (sessionId=1072045896, epoch=INITIAL) to node 3:
org.apache.kafka.common.errors.DisconnectException: null
2026-04-06 11:25:45.863 [cluster-ClusterId{value='69d334848b78c7132d9cd658', description='null'}-localhost:27018] INFO  org.mongodb.driver.cluster - Exception in monitor thread while connecting to server localhost:27018
com.mongodb.MongoSocketOpenException: Exception opening socket
	at com.mongodb.internal.connection.SocketStream.open(SocketStream.java:73)
	at com.mongodb.internal.connection.InternalStreamConnection.open(InternalStreamConnection.java:209)
	at com.mongodb.internal.connection.DefaultServerMonitor$ServerMonitorRunnable.lookupServerDescription(DefaultServerMonitor.java:199)
	at com.mongodb.internal.connection.DefaultServerMonitor$ServerMonitorRunnable.run(DefaultServerMonitor.java:159)
	at java.base/java.lang.Thread.run(Thread.java:1583)
Caused by: java.net.ConnectException: Connection refused
	at java.base/sun.nio.ch.Net.pollConnect(Native Method)
	at java.base/sun.nio.ch.Net.pollConnectNow(Net.java:694)
	at java.base/sun.nio.ch.NioSocketImpl.timedFinishConnect(NioSocketImpl.java:542)
	at java.base/sun.nio.ch.NioSocketImpl.connect(NioSocketImpl.java:592)
	at java.base/java.net.SocksSocketImpl.connect(SocksSocketImpl.java:327)
	at java.base/java.net.Socket.connect(Socket.java:751)
	at com.mongodb.internal.connection.SocketStreamHelper.initialize(SocketStreamHelper.java:107)
	at com.mongodb.internal.connection.SocketStream.initializeSocket(SocketStream.java:82)
	at com.mongodb.internal.connection.SocketStream.open(SocketStream.java:68)
	... 4 common frames omitted
2026-04-06 11:25:45.914 [DefaultDispatcher-worker-1] INFO  o.apache.kafka.clients.NetworkClient - [Consumer clientId=consumer-library-consumers-1, groupId=library-consumers] Node 2 disconnected.
2026-04-06 11:25:45.914 [DefaultDispatcher-worker-1] WARN  o.apache.kafka.clients.NetworkClient - [Consumer clientId=consumer-library-consumers-1, groupId=library-consumers] Connection to node 2 (localhost/127.0.0.1:9093) could not be established. Node may not be available.
2026-04-06 11:25:45.914 [DefaultDispatcher-worker-1] INFO  o.apache.kafka.clients.NetworkClient - [Consumer clientId=consumer-library-consumers-1, groupId=library-consumers] Node 3 disconnected.
2026-04-06 11:25:45.914 [DefaultDispatcher-worker-1] WARN  o.apache.kafka.clients.NetworkClient - [Consumer clientId=consumer-library-consumers-1, groupId=library-consumers] Connection to node 3 (localhost/127.0.0.1:9094) could not be established. Node may not be available.
2026-04-06 11:25:45.914 [DefaultDispatcher-worker-1] INFO  o.a.k.clients.FetchSessionHandler - [Consumer clientId=consumer-library-consumers-1, groupId=library-consumers] Error sending fetch request (sessionId=818237569, epoch=INITIAL) to node 3:
org.apache.kafka.common.errors.DisconnectException: null
2026-04-06 11:25:46.009 [Thread-4] INFO  o.apache.kafka.clients.NetworkClient - [Consumer clientId=consumer-analytics-group-2, groupId=analytics-group] Node 2 disconnected.
2026-04-06 11:25:46.009 [Thread-4] WARN  o.apache.kafka.clients.NetworkClient - [Consumer clientId=consumer-analytics-group-2, groupId=analytics-group] Connection to node 2 (localhost/127.0.0.1:9093) could not be established. Node may not be available.
2026-04-06 11:25:46.017 [Thread-3] INFO  o.apache.kafka.clients.NetworkClient - [Consumer clientId=consumer-inventory-group-3, groupId=inventory-group] Node 1 disconnected.
2026-04-06 11:25:46.017 [Thread-3] WARN  o.apache.kafka.clients.NetworkClient - [Consumer clientId=consumer-inventory-group-3, groupId=inventory-group] Connection to node 1 (localhost/127.0.0.1:9092) could not be established. Node may not be available.
2026-04-06 11:25:46.109 [kafka-producer-network-thread | producer-1] INFO  o.apache.kafka.clients.NetworkClient - [Producer clientId=producer-1] Node 2 disconnected.
2026-04-06 11:25:46.109 [kafka-producer-network-thread | producer-1] WARN  o.apache.kafka.clients.NetworkClient - [Producer clientId=producer-1] Connection to node 2 (localhost/127.0.0.1:9093) could not be established. Node may not be available.
2026-04-06 11:25:46.234 [DefaultDispatcher-worker-1] INFO  o.apache.kafka.clients.NetworkClient - [Consumer clientId=consumer-library-consumers-1, groupId=library-consumers] Node 1 disconnected.
2026-04-06 11:25:46.234 [DefaultDispatcher-worker-1] WARN  o.apache.kafka.clients.NetworkClient - [Consumer clientId=consumer-library-consumers-1, groupId=library-consumers] Connection to node 1 (localhost/127.0.0.1:9092) could not be established. Node may not be available.
2026-04-06 11:25:46.434 [Thread-3] INFO  o.apache.kafka.clients.NetworkClient - [Consumer clientId=consumer-inventory-group-3, groupId=inventory-group] Node 2 disconnected.
2026-04-06 11:25:46.434 [Thread-3] WARN  o.apache.kafka.clients.NetworkClient - [Consumer clientId=consumer-inventory-group-3, groupId=inventory-group] Connection to node 2 (localhost/127.0.0.1:9093) could not be established. Node may not be available.
2026-04-06 11:25:46.441 [kafka-producer-network-thread | producer-2] INFO  o.apache.kafka.clients.NetworkClient - [Producer clientId=producer-2] Node 1 disconnected.
2026-04-06 11:25:46.441 [kafka-producer-network-thread | producer-2] WARN  o.apache.kafka.clients.NetworkClient - [Producer clientId=producer-2] Connection to node 1 (localhost/127.0.0.1:9092) could not be established. Node may not be available.
2026-04-06 11:25:46.500 [Thread-4] INFO  o.apache.kafka.clients.NetworkClient - [Consumer clientId=consumer-analytics-group-2, groupId=analytics-group] Node 1 disconnected.
2026-04-06 11:25:46.500 [Thread-4] WARN  o.apache.kafka.clients.NetworkClient - [Consumer clientId=consumer-analytics-group-2, groupId=analytics-group] Connection to node 1 (localhost/127.0.0.1:9092) could not be established. Node may not be available.
2026-04-06 11:25:46.510 [Thread-4] INFO  o.apache.kafka.clients.NetworkClient - [Consumer clientId=consumer-analytics-group-2, groupId=analytics-group] Node 3 disconnected.
2026-04-06 11:25:46.510 [Thread-4] WARN  o.apache.kafka.clients.NetworkClient - [Consumer clientId=consumer-analytics-group-2, groupId=analytics-group] Connection to node 3 (localhost/127.0.0.1:9094) could not be established. Node may not be available.
2026-04-06 11:25:46.510 [Thread-4] INFO  o.a.k.clients.FetchSessionHandler - [Consumer clientId=consumer-analytics-group-2, groupId=analytics-group] Error sending fetch request (sessionId=1887201872, epoch=INITIAL) to node 3:
org.apache.kafka.common.errors.DisconnectException: null
2026-04-06 11:25:46.517 [Thread-3] INFO  o.apache.kafka.clients.NetworkClient - [Consumer clientId=consumer-inventory-group-3, groupId=inventory-group] Node 3 disconnected.
2026-04-06 11:25:46.517 [Thread-3] WARN  o.apache.kafka.clients.NetworkClient - [Consumer clientId=consumer-inventory-group-3, groupId=inventory-group] Connection to node 3 (localhost/127.0.0.1:9094) could not be established. Node may not be available.
2026-04-06 11:25:46.517 [Thread-3] INFO  o.a.k.clients.FetchSessionHandler - [Consumer clientId=consumer-inventory-group-3, groupId=inventory-group] Error sending fetch request (sessionId=1072045896, epoch=INITIAL) to node 3:
org.apache.kafka.common.errors.DisconnectException: null
2026-04-06 11:25:46.915 [DefaultDispatcher-worker-1] INFO  o.apache.kafka.clients.NetworkClient - [Consumer clientId=consumer-library-consumers-1, groupId=library-consumers] Node 3 disconnected.
2026-04-06 11:25:46.915 [DefaultDispatcher-worker-1] WARN  o.apache.kafka.clients.NetworkClient - [Consumer clientId=consumer-library-consumers-1, groupId=library-consumers] Connection to node 3 (localhost/127.0.0.1:9094) could not be established. Node may not be available.
2026-04-06 11:25:46.915 [DefaultDispatcher-worker-1] INFO  o.a.k.clients.FetchSessionHandler - [Consumer clientId=consumer-library-consumers-1, groupId=library-consumers] Error sending fetch request (sessionId=818237569, epoch=INITIAL) to node 3:
org.apache.kafka.common.errors.DisconnectException: null
2026-04-06 11:25:47.011 [Thread-4] INFO  o.apache.kafka.clients.NetworkClient - [Consumer clientId=consumer-analytics-group-2, groupId=analytics-group] Node 2 disconnected.
2026-04-06 11:25:47.011 [Thread-4] WARN  o.apache.kafka.clients.NetworkClient - [Consumer clientId=consumer-analytics-group-2, groupId=analytics-group] Connection to node 2 (localhost/127.0.0.1:9093) could not be established. Node may not be available.
2026-04-06 11:25:47.018 [Thread-3] INFO  o.apache.kafka.clients.NetworkClient - [Consumer clientId=consumer-inventory-group-3, groupId=inventory-group] Node 1 disconnected.
2026-04-06 11:25:47.018 [Thread-3] WARN  o.apache.kafka.clients.NetworkClient - [Consumer clientId=consumer-inventory-group-3, groupId=inventory-group] Connection to node 1 (localhost/127.0.0.1:9092) could not be established. Node may not be available.
2026-04-06 11:25:47.110 [kafka-producer-network-thread | producer-1] INFO  o.apache.kafka.clients.NetworkClient - [Producer clientId=producer-1] Node 3 disconnected.
2026-04-06 11:25:47.110 [kafka-producer-network-thread | producer-1] WARN  o.apache.kafka.clients.NetworkClient - [Producer clientId=producer-1] Connection to node 3 (localhost/127.0.0.1:9094) could not be established. Node may not be available.
2026-04-06 11:25:47.199 [DefaultDispatcher-worker-1] INFO  o.apache.kafka.clients.NetworkClient - [Consumer clientId=consumer-library-consumers-1, groupId=library-consumers] Node 2 disconnected.
2026-04-06 11:25:47.199 [DefaultDispatcher-worker-1] WARN  o.apache.kafka.clients.NetworkClient - [Consumer clientId=consumer-library-consumers-1, groupId=library-consumers] Connection to node 2 (localhost/127.0.0.1:9093) could not be established. Node may not be available.
2026-04-06 11:25:47.235 [DefaultDispatcher-worker-1] INFO  o.apache.kafka.clients.NetworkClient - [Consumer clientId=consumer-library-consumers-1, groupId=library-consumers] Node 1 disconnected.
2026-04-06 11:25:47.235 [DefaultDispatcher-worker-1] WARN  o.apache.kafka.clients.NetworkClient - [Consumer clientId=consumer-library-consumers-1, groupId=library-consumers] Connection to node 1 (localhost/127.0.0.1:9092) could not be established. Node may not be available.
2026-04-06 11:25:47.305 [Thread-3] INFO  o.apache.kafka.clients.NetworkClient - [Consumer clientId=consumer-inventory-group-3, groupId=inventory-group] Node 2 disconnected.
2026-04-06 11:25:47.305 [Thread-3] WARN  o.apache.kafka.clients.NetworkClient - [Consumer clientId=consumer-inventory-group-3, groupId=inventory-group] Connection to node 2 (localhost/127.0.0.1:9093) could not be established. Node may not be available.
2026-04-06 11:25:47.442 [kafka-producer-network-thread | producer-2] INFO  o.apache.kafka.clients.NetworkClient - [Producer clientId=producer-2] Node 2 disconnected.
2026-04-06 11:25:47.442 [kafka-producer-network-thread | producer-2] WARN  o.apache.kafka.clients.NetworkClient - [Producer clientId=producer-2] Connection to node 2 (localhost/127.0.0.1:9093) could not be established. Node may not be available.
2026-04-06 11:25:47.501 [Thread-4] INFO  o.apache.kafka.clients.NetworkClient - [Consumer clientId=consumer-analytics-group-2, groupId=analytics-group] Node 1 disconnected.
2026-04-06 11:25:47.501 [Thread-4] WARN  o.apache.kafka.clients.NetworkClient - [Consumer clientId=consumer-analytics-group-2, groupId=analytics-group] Connection to node 1 (localhost/127.0.0.1:9092) could not be established. Node may not be available.
2026-04-06 11:25:47.511 [Thread-4] INFO  o.apache.kafka.clients.NetworkClient - [Consumer clientId=consumer-analytics-group-2, groupId=analytics-group] Node 3 disconnected.
2026-04-06 11:25:47.511 [Thread-4] WARN  o.apache.kafka.clients.NetworkClient - [Consumer clientId=consumer-analytics-group-2, groupId=analytics-group] Connection to node 3 (localhost/127.0.0.1:9094) could not be established. Node may not be available.
2026-04-06 11:25:47.511 [Thread-4] INFO  o.a.k.clients.FetchSessionHandler - [Consumer clientId=consumer-analytics-group-2, groupId=analytics-group] Error sending fetch request (sessionId=1887201872, epoch=INITIAL) to node 3:
org.apache.kafka.common.errors.DisconnectException: null
2026-04-06 11:25:47.518 [Thread-3] INFO  o.apache.kafka.clients.NetworkClient - [Consumer clientId=consumer-inventory-group-3, groupId=inventory-group] Node 3 disconnected.
2026-04-06 11:25:47.518 [Thread-3] WARN  o.apache.kafka.clients.NetworkClient - [Consumer clientId=consumer-inventory-group-3, groupId=inventory-group] Connection to node 3 (localhost/127.0.0.1:9094) could not be established. Node may not be available.
2026-04-06 11:25:47.518 [Thread-3] INFO  o.a.k.clients.FetchSessionHandler - [Consumer clientId=consumer-inventory-group-3, groupId=inventory-group] Error sending fetch request (sessionId=1072045896, epoch=INITIAL) to node 3:
org.apache.kafka.common.errors.DisconnectException: null
2026-04-06 11:25:47.916 [DefaultDispatcher-worker-1] INFO  o.apache.kafka.clients.NetworkClient - [Consumer clientId=consumer-library-consumers-1, groupId=library-consumers] Node 3 disconnected.
2026-04-06 11:25:47.916 [DefaultDispatcher-worker-1] WARN  o.apache.kafka.clients.NetworkClient - [Consumer clientId=consumer-library-consumers-1, groupId=library-consumers] Connection to node 3 (localhost/127.0.0.1:9094) could not be established. Node may not be available.
2026-04-06 11:25:47.916 [DefaultDispatcher-worker-1] INFO  o.a.k.clients.FetchSessionHandler - [Consumer clientId=consumer-library-consumers-1, groupId=library-consumers] Error sending fetch request (sessionId=818237569, epoch=INITIAL) to node 3:
org.apache.kafka.common.errors.DisconnectException: null
2026-04-06 11:25:48.012 [Thread-4] INFO  o.apache.kafka.clients.NetworkClient - [Consumer clientId=consumer-analytics-group-2, groupId=analytics-group] Node 2 disconnected.
2026-04-06 11:25:48.012 [Thread-4] WARN  o.apache.kafka.clients.NetworkClient - [Consumer clientId=consumer-analytics-group-2, groupId=analytics-group] Connection to node 2 (localhost/127.0.0.1:9093) could not be established. Node may not be available.
2026-04-06 11:25:48.112 [kafka-producer-network-thread | producer-1] INFO  o.apache.kafka.clients.NetworkClient - [Producer clientId=producer-1] Node 1 disconnected.
2026-04-06 11:25:48.112 [kafka-producer-network-thread | producer-1] WARN  o.apache.kafka.clients.NetworkClient - [Producer clientId=producer-1] Connection to node 1 (localhost/127.0.0.1:9092) could not be established. Node may not be available.
2026-04-06 11:25:48.199 [DefaultDispatcher-worker-1] INFO  o.apache.kafka.clients.NetworkClient - [Consumer clientId=consumer-library-consumers-1, groupId=library-consumers] Node 2 disconnected.
2026-04-06 11:25:48.199 [DefaultDispatcher-worker-1] WARN  o.apache.kafka.clients.NetworkClient - [Consumer clientId=consumer-library-consumers-1, groupId=library-consumers] Connection to node 2 (localhost/127.0.0.1:9093) could not be established. Node may not be available.
2026-04-06 11:25:48.221 [Thread-3] INFO  o.apache.kafka.clients.NetworkClient - [Consumer clientId=consumer-inventory-group-3, groupId=inventory-group] Node 1 disconnected.
2026-04-06 11:25:48.221 [Thread-3] WARN  o.apache.kafka.clients.NetworkClient - [Consumer clientId=consumer-inventory-group-3, groupId=inventory-group] Connection to node 1 (localhost/127.0.0.1:9092) could not be established. Node may not be available.
2026-04-06 11:25:48.306 [Thread-3] INFO  o.apache.kafka.clients.NetworkClient - [Consumer clientId=consumer-inventory-group-3, groupId=inventory-group] Node 2 disconnected.
2026-04-06 11:25:48.306 [Thread-3] WARN  o.apache.kafka.clients.NetworkClient - [Consumer clientId=consumer-inventory-group-3, groupId=inventory-group] Connection to node 2 (localhost/127.0.0.1:9093) could not be established. Node may not be available.
2026-04-06 11:25:48.390 [kafka-producer-network-thread | producer-2] INFO  o.apache.kafka.clients.NetworkClient - [Producer clientId=producer-2] Node 3 disconnected.
2026-04-06 11:25:48.390 [kafka-producer-network-thread | producer-2] WARN  o.apache.kafka.clients.NetworkClient - [Producer clientId=producer-2] Connection to node 3 (localhost/127.0.0.1:9094) could not be established. Node may not be available.
2026-04-06 11:25:48.391 [kafka-producer-network-thread | producer-2] INFO  o.apache.kafka.clients.NetworkClient - [Producer clientId=producer-2] Node 1 disconnected.
2026-04-06 11:25:48.391 [kafka-producer-network-thread | producer-2] WARN  o.apache.kafka.clients.NetworkClient - [Producer clientId=producer-2] Connection to node 1 (localhost/127.0.0.1:9092) could not be established. Node may not be available.
2026-04-06 11:25:48.391 [kafka-producer-network-thread | producer-2] INFO  o.apache.kafka.clients.NetworkClient - [Producer clientId=producer-2] Node 2 disconnected.
2026-04-06 11:25:48.391 [kafka-producer-network-thread | producer-2] WARN  o.apache.kafka.clients.NetworkClient - [Producer clientId=producer-2] Connection to node 2 (localhost/127.0.0.1:9093) could not be established. Node may not be available.
2026-04-06 11:25:48.513 [kafka-coordinator-heartbeat-thread | analytics-group] INFO  o.apache.kafka.clients.NetworkClient - [Consumer clientId=consumer-analytics-group-2, groupId=analytics-group] Node 1 disconnected.
2026-04-06 11:25:48.513 [kafka-coordinator-heartbeat-thread | analytics-group] WARN  o.apache.kafka.clients.NetworkClient - [Consumer clientId=consumer-analytics-group-2, groupId=analytics-group] Connection to node 1 (localhost/127.0.0.1:9092) could not be established. Node may not be available.
2026-04-06 11:25:48.513 [kafka-coordinator-heartbeat-thread | analytics-group] INFO  o.a.k.clients.FetchSessionHandler - [Consumer clientId=consumer-analytics-group-2, groupId=analytics-group] Error sending fetch request (sessionId=1887201872, epoch=INITIAL) to node 3:
org.apache.kafka.common.errors.DisconnectException: null
2026-04-06 11:25:48.514 [Thread-4] INFO  o.apache.kafka.clients.NetworkClient - [Consumer clientId=consumer-analytics-group-2, groupId=analytics-group] Node 3 disconnected.
2026-04-06 11:25:48.514 [Thread-4] WARN  o.apache.kafka.clients.NetworkClient - [Consumer clientId=consumer-analytics-group-2, groupId=analytics-group] Connection to node 3 (localhost/127.0.0.1:9094) could not be established. Node may not be available.
2026-04-06 11:25:48.519 [Thread-3] INFO  o.apache.kafka.clients.NetworkClient - [Consumer clientId=consumer-inventory-group-3, groupId=inventory-group] Node 3 disconnected.
2026-04-06 11:25:48.519 [Thread-3] WARN  o.apache.kafka.clients.NetworkClient - [Consumer clientId=consumer-inventory-group-3, groupId=inventory-group] Connection to node 3 (localhost/127.0.0.1:9094) could not be established. Node may not be available.
2026-04-06 11:25:48.519 [Thread-3] INFO  o.a.k.clients.FetchSessionHandler - [Consumer clientId=consumer-inventory-group-3, groupId=inventory-group] Error sending fetch request (sessionId=1072045896, epoch=INITIAL) to node 3:
org.apache.kafka.common.errors.DisconnectException: null
2026-04-06 11:25:48.917 [DefaultDispatcher-worker-1] INFO  o.apache.kafka.clients.NetworkClient - [Consumer clientId=consumer-library-consumers-1, groupId=library-consumers] Node 3 disconnected.
2026-04-06 11:25:48.917 [DefaultDispatcher-worker-1] WARN  o.apache.kafka.clients.NetworkClient - [Consumer clientId=consumer-library-consumers-1, groupId=library-consumers] Connection to node 3 (localhost/127.0.0.1:9094) could not be established. Node may not be available.
2026-04-06 11:25:48.917 [DefaultDispatcher-worker-1] INFO  o.a.k.clients.FetchSessionHandler - [Consumer clientId=consumer-library-consumers-1, groupId=library-consumers] Error sending fetch request (sessionId=818237569, epoch=INITIAL) to node 3:
org.apache.kafka.common.errors.DisconnectException: null
2026-04-06 11:25:49.014 [Thread-4] INFO  o.apache.kafka.clients.NetworkClient - [Consumer clientId=consumer-analytics-group-2, groupId=analytics-group] Node 2 disconnected.
2026-04-06 11:25:49.014 [Thread-4] WARN  o.apache.kafka.clients.NetworkClient - [Consumer clientId=consumer-analytics-group-2, groupId=analytics-group] Connection to node 2 (localhost/127.0.0.1:9093) could not be established. Node may not be available.
2026-04-06 11:25:49.113 [kafka-producer-network-thread | producer-1] INFO  o.apache.kafka.clients.NetworkClient - [Producer clientId=producer-1] Node 2 disconnected.
2026-04-06 11:25:49.113 [kafka-producer-network-thread | producer-1] WARN  o.apache.kafka.clients.NetworkClient - [Producer clientId=producer-1] Connection to node 2 (localhost/127.0.0.1:9093) could not be established. Node may not be available.
2026-04-06 11:25:49.199 [DefaultDispatcher-worker-1] INFO  o.apache.kafka.clients.NetworkClient - [Consumer clientId=consumer-library-consumers-1, groupId=library-consumers] Node 1 disconnected.
2026-04-06 11:25:49.199 [DefaultDispatcher-worker-1] WARN  o.apache.kafka.clients.NetworkClient - [Consumer clientId=consumer-library-consumers-1, groupId=library-consumers] Connection to node 1 (localhost/127.0.0.1:9092) could not be established. Node may not be available.
2026-04-06 11:25:49.254 [Thread-3] INFO  o.apache.kafka.clients.NetworkClient - [Consumer clientId=consumer-inventory-group-3, groupId=inventory-group] Node 1 disconnected.
2026-04-06 11:25:49.254 [Thread-3] WARN  o.apache.kafka.clients.NetworkClient - [Consumer clientId=consumer-inventory-group-3, groupId=inventory-group] Connection to node 1 (localhost/127.0.0.1:9092) could not be established. Node may not be available.
2026-04-06 11:25:49.307 [Thread-3] INFO  o.apache.kafka.clients.NetworkClient - [Consumer clientId=consumer-inventory-group-3, groupId=inventory-group] Node 2 disconnected.
2026-04-06 11:25:49.307 [Thread-3] WARN  o.apache.kafka.clients.NetworkClient - [Consumer clientId=consumer-inventory-group-3, groupId=inventory-group] Connection to node 2 (localhost/127.0.0.1:9093) could not be established. Node may not be available.
2026-04-06 11:25:49.392 [kafka-producer-network-thread | producer-2] INFO  o.apache.kafka.clients.NetworkClient - [Producer clientId=producer-2] Node 3 disconnected.
2026-04-06 11:25:49.392 [kafka-producer-network-thread | producer-2] WARN  o.apache.kafka.clients.NetworkClient - [Producer clientId=producer-2] Connection to node 3 (localhost/127.0.0.1:9094) could not be established. Node may not be available.
2026-04-06 11:25:49.514 [kafka-coordinator-heartbeat-thread | analytics-group] INFO  o.apache.kafka.clients.NetworkClient - [Consumer clientId=consumer-analytics-group-2, groupId=analytics-group] Node 1 disconnected.
2026-04-06 11:25:49.514 [kafka-coordinator-heartbeat-thread | analytics-group] WARN  o.apache.kafka.clients.NetworkClient - [Consumer clientId=consumer-analytics-group-2, groupId=analytics-group] Connection to node 1 (localhost/127.0.0.1:9092) could not be established. Node may not be available.
2026-04-06 11:25:49.515 [Thread-4] INFO  o.apache.kafka.clients.NetworkClient - [Consumer clientId=consumer-analytics-group-2, groupId=analytics-group] Node 3 disconnected.
2026-04-06 11:25:49.515 [Thread-4] WARN  o.apache.kafka.clients.NetworkClient - [Consumer clientId=consumer-analytics-group-2, groupId=analytics-group] Connection to node 3 (localhost/127.0.0.1:9094) could not be established. Node may not be available.
2026-04-06 11:25:49.515 [Thread-4] INFO  o.a.k.clients.FetchSessionHandler - [Consumer clientId=consumer-analytics-group-2, groupId=analytics-group] Error sending fetch request (sessionId=1887201872, epoch=INITIAL) to node 3:
org.apache.kafka.common.errors.DisconnectException: null
2026-04-06 11:25:49.520 [Thread-3] INFO  o.apache.kafka.clients.NetworkClient - [Consumer clientId=consumer-inventory-group-3, groupId=inventory-group] Node 3 disconnected.
2026-04-06 11:25:49.520 [Thread-3] WARN  o.apache.kafka.clients.NetworkClient - [Consumer clientId=consumer-inventory-group-3, groupId=inventory-group] Connection to node 3 (localhost/127.0.0.1:9094) could not be established. Node may not be available.
2026-04-06 11:25:49.520 [Thread-3] INFO  o.a.k.clients.FetchSessionHandler - [Consumer clientId=consumer-inventory-group-3, groupId=inventory-group] Error sending fetch request (sessionId=1072045896, epoch=INITIAL) to node 3:
org.apache.kafka.common.errors.DisconnectException: null
2026-04-06 11:25:49.918 [DefaultDispatcher-worker-1] INFO  o.apache.kafka.clients.NetworkClient - [Consumer clientId=consumer-library-consumers-1, groupId=library-consumers] Node 2 disconnected.
2026-04-06 11:25:49.918 [DefaultDispatcher-worker-1] WARN  o.apache.kafka.clients.NetworkClient - [Consumer clientId=consumer-library-consumers-1, groupId=library-consumers] Connection to node 2 (localhost/127.0.0.1:9093) could not be established. Node may not be available.
2026-04-06 11:25:49.918 [DefaultDispatcher-worker-1] INFO  o.apache.kafka.clients.NetworkClient - [Consumer clientId=consumer-library-consumers-1, groupId=library-consumers] Node 3 disconnected.
2026-04-06 11:25:49.918 [DefaultDispatcher-worker-1] WARN  o.apache.kafka.clients.NetworkClient - [Consumer clientId=consumer-library-consumers-1, groupId=library-consumers] Connection to node 3 (localhost/127.0.0.1:9094) could not be established. Node may not be available.
2026-04-06 11:25:49.918 [DefaultDispatcher-worker-1] INFO  o.a.k.clients.FetchSessionHandler - [Consumer clientId=consumer-library-consumers-1, groupId=library-consumers] Error sending fetch request (sessionId=818237569, epoch=INITIAL) to node 3:
org.apache.kafka.common.errors.DisconnectException: null
2026-04-06 11:25:50.115 [kafka-producer-network-thread | producer-1] INFO  o.apache.kafka.clients.NetworkClient - [Producer clientId=producer-1] Node 3 disconnected.
2026-04-06 11:25:50.115 [kafka-producer-network-thread | producer-1] WARN  o.apache.kafka.clients.NetworkClient - [Producer clientId=producer-1] Connection to node 3 (localhost/127.0.0.1:9094) could not be established. Node may not be available.
2026-04-06 11:25:50.200 [DefaultDispatcher-worker-1] INFO  o.apache.kafka.clients.NetworkClient - [Consumer clientId=consumer-library-consumers-1, groupId=library-consumers] Node 1 disconnected.
2026-04-06 11:25:50.200 [DefaultDispatcher-worker-1] WARN  o.apache.kafka.clients.NetworkClient - [Consumer clientId=consumer-library-consumers-1, groupId=library-consumers] Connection to node 1 (localhost/127.0.0.1:9092) could not be established. Node may not be available.
2026-04-06 11:25:50.308 [Thread-3] INFO  o.apache.kafka.clients.NetworkClient - [Consumer clientId=consumer-inventory-group-3, groupId=inventory-group] Node 1 disconnected.
2026-04-06 11:25:50.308 [Thread-3] WARN  o.apache.kafka.clients.NetworkClient - [Consumer clientId=consumer-inventory-group-3, groupId=inventory-group] Connection to node 1 (localhost/127.0.0.1:9092) could not be established. Node may not be available.
2026-04-06 11:25:50.394 [kafka-producer-network-thread | producer-2] INFO  o.apache.kafka.clients.NetworkClient - [Producer clientId=producer-2] Node 2 disconnected.
2026-04-06 11:25:50.394 [kafka-producer-network-thread | producer-2] WARN  o.apache.kafka.clients.NetworkClient - [Producer clientId=producer-2] Connection to node 2 (localhost/127.0.0.1:9093) could not be established. Node may not be available.
2026-04-06 11:25:50.397 [Thread-4] INFO  o.apache.kafka.clients.NetworkClient - [Consumer clientId=consumer-analytics-group-2, groupId=analytics-group] Node 2 disconnected.
2026-04-06 11:25:50.397 [Thread-4] WARN  o.apache.kafka.clients.NetworkClient - [Consumer clientId=consumer-analytics-group-2, groupId=analytics-group] Connection to node 2 (localhost/127.0.0.1:9093) could not be established. Node may not be available.
2026-04-06 11:25:50.515 [Thread-4] INFO  o.apache.kafka.clients.NetworkClient - [Consumer clientId=consumer-analytics-group-2, groupId=analytics-group] Node 1 disconnected.
2026-04-06 11:25:50.515 [Thread-4] WARN  o.apache.kafka.clients.NetworkClient - [Consumer clientId=consumer-analytics-group-2, groupId=analytics-group] Connection to node 1 (localhost/127.0.0.1:9092) could not be established. Node may not be available.
2026-04-06 11:25:50.516 [kafka-coordinator-heartbeat-thread | analytics-group] INFO  o.a.k.clients.FetchSessionHandler - [Consumer clientId=consumer-analytics-group-2, groupId=analytics-group] Error sending fetch request (sessionId=1887201872, epoch=INITIAL) to node 3:
org.apache.kafka.common.errors.DisconnectException: null
2026-04-06 11:25:50.516 [Thread-4] INFO  o.apache.kafka.clients.NetworkClient - [Consumer clientId=consumer-analytics-group-2, groupId=analytics-group] Node 3 disconnected.
2026-04-06 11:25:50.516 [Thread-4] WARN  o.apache.kafka.clients.NetworkClient - [Consumer clientId=consumer-analytics-group-2, groupId=analytics-group] Connection to node 3 (localhost/127.0.0.1:9094) could not be established. Node may not be available.
2026-04-06 11:25:50.520 [kafka-coordinator-heartbeat-thread | inventory-group] INFO  o.a.k.clients.FetchSessionHandler - [Consumer clientId=consumer-inventory-group-3, groupId=inventory-group] Error sending fetch request (sessionId=1072045896, epoch=INITIAL) to node 3:
org.apache.kafka.common.errors.DisconnectException: null
2026-04-06 11:25:50.520 [Thread-3] INFO  o.apache.kafka.clients.NetworkClient - [Consumer clientId=consumer-inventory-group-3, groupId=inventory-group] Node 2 disconnected.
2026-04-06 11:25:50.520 [Thread-3] WARN  o.apache.kafka.clients.NetworkClient - [Consumer clientId=consumer-inventory-group-3, groupId=inventory-group] Connection to node 2 (localhost/127.0.0.1:9093) could not be established. Node may not be available.
2026-04-06 11:25:50.919 [DefaultDispatcher-worker-1] INFO  o.apache.kafka.clients.NetworkClient - [Consumer clientId=consumer-library-consumers-1, groupId=library-consumers] Node 2 disconnected.
2026-04-06 11:25:50.919 [DefaultDispatcher-worker-1] WARN  o.apache.kafka.clients.NetworkClient - [Consumer clientId=consumer-library-consumers-1, groupId=library-consumers] Connection to node 2 (localhost/127.0.0.1:9093) could not be established. Node may not be available.
2026-04-06 11:25:50.919 [DefaultDispatcher-worker-1] INFO  o.apache.kafka.clients.NetworkClient - [Consumer clientId=consumer-library-consumers-1, groupId=library-consumers] Node 3 disconnected.
2026-04-06 11:25:50.919 [DefaultDispatcher-worker-1] WARN  o.apache.kafka.clients.NetworkClient - [Consumer clientId=consumer-library-consumers-1, groupId=library-consumers] Connection to node 3 (localhost/127.0.0.1:9094) could not be established. Node may not be available.
2026-04-06 11:25:50.919 [DefaultDispatcher-worker-1] INFO  o.a.k.clients.FetchSessionHandler - [Consumer clientId=consumer-library-consumers-1, groupId=library-consumers] Error sending fetch request (sessionId=818237569, epoch=INITIAL) to node 3:
org.apache.kafka.common.errors.DisconnectException: null
2026-04-06 11:25:51.021 [Thread-3] INFO  o.apache.kafka.clients.NetworkClient - [Consumer clientId=consumer-inventory-group-3, groupId=inventory-group] Node 3 disconnected.
2026-04-06 11:25:51.021 [Thread-3] WARN  o.apache.kafka.clients.NetworkClient - [Consumer clientId=consumer-inventory-group-3, groupId=inventory-group] Connection to node 3 (localhost/127.0.0.1:9094) could not be established. Node may not be available.
2026-04-06 11:25:51.021 [Thread-3] INFO  o.a.k.clients.FetchSessionHandler - [Consumer clientId=consumer-inventory-group-3, groupId=inventory-group] Error sending fetch request (sessionId=1072045896, epoch=INITIAL) to node 3:
org.apache.kafka.common.errors.DisconnectException: null
2026-04-06 11:25:51.116 [kafka-producer-network-thread | producer-1] INFO  o.apache.kafka.clients.NetworkClient - [Producer clientId=producer-1] Node 1 disconnected.
2026-04-06 11:25:51.116 [kafka-producer-network-thread | producer-1] WARN  o.apache.kafka.clients.NetworkClient - [Producer clientId=producer-1] Connection to node 1 (localhost/127.0.0.1:9092) could not be established. Node may not be available.
2026-04-06 11:25:51.200 [DefaultDispatcher-worker-1] INFO  o.apache.kafka.clients.NetworkClient - [Consumer clientId=consumer-library-consumers-1, groupId=library-consumers] Node 1 disconnected.
2026-04-06 11:25:51.200 [DefaultDispatcher-worker-1] WARN  o.apache.kafka.clients.NetworkClient - [Consumer clientId=consumer-library-consumers-1, groupId=library-consumers] Connection to node 1 (localhost/127.0.0.1:9092) could not be established. Node may not be available.
2026-04-06 11:25:51.308 [Thread-3] INFO  o.apache.kafka.clients.NetworkClient - [Consumer clientId=consumer-inventory-group-3, groupId=inventory-group] Node 1 disconnected.
2026-04-06 11:25:51.308 [Thread-3] WARN  o.apache.kafka.clients.NetworkClient - [Consumer clientId=consumer-inventory-group-3, groupId=inventory-group] Connection to node 1 (localhost/127.0.0.1:9092) could not be established. Node may not be available.
2026-04-06 11:25:51.395 [kafka-producer-network-thread | producer-2] INFO  o.apache.kafka.clients.NetworkClient - [Producer clientId=producer-2] Node 1 disconnected.
2026-04-06 11:25:51.395 [kafka-producer-network-thread | producer-2] WARN  o.apache.kafka.clients.NetworkClient - [Producer clientId=producer-2] Connection to node 1 (localhost/127.0.0.1:9092) could not be established. Node may not be available.
2026-04-06 11:25:51.500 [Thread-4] INFO  o.apache.kafka.clients.NetworkClient - [Consumer clientId=consumer-analytics-group-2, groupId=analytics-group] Node 2 disconnected.
2026-04-06 11:25:51.500 [Thread-4] WARN  o.apache.kafka.clients.NetworkClient - [Consumer clientId=consumer-analytics-group-2, groupId=analytics-group] Connection to node 2 (localhost/127.0.0.1:9093) could not be established. Node may not be available.
2026-04-06 11:25:51.516 [kafka-coordinator-heartbeat-thread | analytics-group] INFO  o.apache.kafka.clients.NetworkClient - [Consumer clientId=consumer-analytics-group-2, groupId=analytics-group] Node 1 disconnected.
2026-04-06 11:25:51.516 [kafka-coordinator-heartbeat-thread | analytics-group] WARN  o.apache.kafka.clients.NetworkClient - [Consumer clientId=consumer-analytics-group-2, groupId=analytics-group] Connection to node 1 (localhost/127.0.0.1:9092) could not be established. Node may not be available.
2026-04-06 11:25:51.516 [kafka-coordinator-heartbeat-thread | analytics-group] INFO  o.a.k.clients.FetchSessionHandler - [Consumer clientId=consumer-analytics-group-2, groupId=analytics-group] Error sending fetch request (sessionId=1887201872, epoch=INITIAL) to node 3:
org.apache.kafka.common.errors.DisconnectException: null
2026-04-06 11:25:51.517 [Thread-4] INFO  o.apache.kafka.clients.NetworkClient - [Consumer clientId=consumer-analytics-group-2, groupId=analytics-group] Node 3 disconnected.
2026-04-06 11:25:51.517 [Thread-4] WARN  o.apache.kafka.clients.NetworkClient - [Consumer clientId=consumer-analytics-group-2, groupId=analytics-group] Connection to node 3 (localhost/127.0.0.1:9094) could not be established. Node may not be available.
2026-04-06 11:25:51.919 [kafka-coordinator-heartbeat-thread | library-consumers] INFO  o.a.k.clients.FetchSessionHandler - [Consumer clientId=consumer-library-consumers-1, groupId=library-consumers] Error sending fetch request (sessionId=818237569, epoch=INITIAL) to node 3:
org.apache.kafka.common.errors.DisconnectException: null
2026-04-06 11:25:51.920 [DefaultDispatcher-worker-1] INFO  o.apache.kafka.clients.NetworkClient - [Consumer clientId=consumer-library-consumers-1, groupId=library-consumers] Node 2 disconnected.
2026-04-06 11:25:51.920 [DefaultDispatcher-worker-1] WARN  o.apache.kafka.clients.NetworkClient - [Consumer clientId=consumer-library-consumers-1, groupId=library-consumers] Connection to node 2 (localhost/127.0.0.1:9093) could not be established. Node may not be available.
2026-04-06 11:25:52.023 [Thread-3] INFO  o.apache.kafka.clients.NetworkClient - [Consumer clientId=consumer-inventory-group-3, groupId=inventory-group] Node 3 disconnected.
2026-04-06 11:25:52.023 [Thread-3] WARN  o.apache.kafka.clients.NetworkClient - [Consumer clientId=consumer-inventory-group-3, groupId=inventory-group] Connection to node 3 (localhost/127.0.0.1:9094) could not be established. Node may not be available.
2026-04-06 11:25:52.023 [Thread-3] INFO  o.a.k.clients.FetchSessionHandler - [Consumer clientId=consumer-inventory-group-3, groupId=inventory-group] Error sending fetch request (sessionId=1072045896, epoch=INITIAL) to node 3:
org.apache.kafka.common.errors.DisconnectException: null
2026-04-06 11:25:52.118 [kafka-producer-network-thread | producer-1] INFO  o.apache.kafka.clients.NetworkClient - [Producer clientId=producer-1] Node 2 disconnected.
2026-04-06 11:25:52.118 [kafka-producer-network-thread | producer-1] WARN  o.apache.kafka.clients.NetworkClient - [Producer clientId=producer-1] Connection to node 2 (localhost/127.0.0.1:9093) could not be established. Node may not be available.
2026-04-06 11:25:52.201 [DefaultDispatcher-worker-1] INFO  o.apache.kafka.clients.NetworkClient - [Consumer clientId=consumer-library-consumers-1, groupId=library-consumers] Node 3 disconnected.
2026-04-06 11:25:52.201 [DefaultDispatcher-worker-1] WARN  o.apache.kafka.clients.NetworkClient - [Consumer clientId=consumer-library-consumers-1, groupId=library-consumers] Connection to node 3 (localhost/127.0.0.1:9094) could not be established. Node may not be available.
2026-04-06 11:25:52.308 [Thread-3] INFO  o.apache.kafka.clients.NetworkClient - [Consumer clientId=consumer-inventory-group-3, groupId=inventory-group] Node 2 disconnected.
2026-04-06 11:25:52.308 [Thread-3] WARN  o.apache.kafka.clients.NetworkClient - [Consumer clientId=consumer-inventory-group-3, groupId=inventory-group] Connection to node 2 (localhost/127.0.0.1:9093) could not be established. Node may not be available.
2026-04-06 11:25:52.397 [kafka-producer-network-thread | producer-2] INFO  o.apache.kafka.clients.NetworkClient - [Producer clientId=producer-2] Node 3 disconnected.
2026-04-06 11:25:52.397 [kafka-producer-network-thread | producer-2] WARN  o.apache.kafka.clients.NetworkClient - [Producer clientId=producer-2] Connection to node 3 (localhost/127.0.0.1:9094) could not be established. Node may not be available.
2026-04-06 11:25:52.488 [Thread-4] INFO  o.apache.kafka.clients.NetworkClient - [Consumer clientId=consumer-analytics-group-2, groupId=analytics-group] Node 2 disconnected.
2026-04-06 11:25:52.488 [Thread-4] WARN  o.apache.kafka.clients.NetworkClient - [Consumer clientId=consumer-analytics-group-2, groupId=analytics-group] Connection to node 2 (localhost/127.0.0.1:9093) could not be established. Node may not be available.
2026-04-06 11:25:52.516 [Thread-4] INFO  o.apache.kafka.clients.NetworkClient - [Consumer clientId=consumer-analytics-group-2, groupId=analytics-group] Node 1 disconnected.
2026-04-06 11:25:52.516 [Thread-4] WARN  o.apache.kafka.clients.NetworkClient - [Consumer clientId=consumer-analytics-group-2, groupId=analytics-group] Connection to node 1 (localhost/127.0.0.1:9092) could not be established. Node may not be available.
2026-04-06 11:25:52.524 [Thread-3] INFO  o.apache.kafka.clients.NetworkClient - [Consumer clientId=consumer-inventory-group-3, groupId=inventory-group] Node 1 disconnected.
2026-04-06 11:25:52.524 [Thread-3] WARN  o.apache.kafka.clients.NetworkClient - [Consumer clientId=consumer-inventory-group-3, groupId=inventory-group] Connection to node 1 (localhost/127.0.0.1:9092) could not be established. Node may not be available.
2026-04-06 11:25:52.920 [DefaultDispatcher-worker-1] INFO  o.apache.kafka.clients.NetworkClient - [Consumer clientId=consumer-library-consumers-1, groupId=library-consumers] Node 1 disconnected.
2026-04-06 11:25:52.920 [DefaultDispatcher-worker-1] WARN  o.apache.kafka.clients.NetworkClient - [Consumer clientId=consumer-library-consumers-1, groupId=library-consumers] Connection to node 1 (localhost/127.0.0.1:9092) could not be established. Node may not be available.
2026-04-06 11:25:53.017 [Thread-4] INFO  o.apache.kafka.clients.NetworkClient - [Consumer clientId=consumer-analytics-group-2, groupId=analytics-group] Node 3 disconnected.
2026-04-06 11:25:53.017 [Thread-4] WARN  o.apache.kafka.clients.NetworkClient - [Consumer clientId=consumer-analytics-group-2, groupId=analytics-group] Connection to node 3 (localhost/127.0.0.1:9094) could not be established. Node may not be available.
2026-04-06 11:25:53.017 [Thread-4] INFO  o.a.k.clients.FetchSessionHandler - [Consumer clientId=consumer-analytics-group-2, groupId=analytics-group] Error sending fetch request (sessionId=1887201872, epoch=INITIAL) to node 3:
org.apache.kafka.common.errors.DisconnectException: null
2026-04-06 11:25:53.023 [Thread-3] INFO  o.apache.kafka.clients.NetworkClient - [Consumer clientId=consumer-inventory-group-3, groupId=inventory-group] Node 3 disconnected.
2026-04-06 11:25:53.023 [Thread-3] WARN  o.apache.kafka.clients.NetworkClient - [Consumer clientId=consumer-inventory-group-3, groupId=inventory-group] Connection to node 3 (localhost/127.0.0.1:9094) could not be established. Node may not be available.
2026-04-06 11:25:53.023 [Thread-3] INFO  o.a.k.clients.FetchSessionHandler - [Consumer clientId=consumer-inventory-group-3, groupId=inventory-group] Error sending fetch request (sessionId=1072045896, epoch=INITIAL) to node 3:
org.apache.kafka.common.errors.DisconnectException: null
2026-04-06 11:25:53.119 [kafka-producer-network-thread | producer-1] INFO  o.apache.kafka.clients.NetworkClient - [Producer clientId=producer-1] Node 3 disconnected.
2026-04-06 11:25:53.119 [kafka-producer-network-thread | producer-1] WARN  o.apache.kafka.clients.NetworkClient - [Producer clientId=producer-1] Connection to node 3 (localhost/127.0.0.1:9094) could not be established. Node may not be available.
2026-04-06 11:25:53.201 [DefaultDispatcher-worker-1] INFO  o.apache.kafka.clients.NetworkClient - [Consumer clientId=consumer-library-consumers-1, groupId=library-consumers] Node 2 disconnected.
2026-04-06 11:25:53.201 [DefaultDispatcher-worker-1] WARN  o.apache.kafka.clients.NetworkClient - [Consumer clientId=consumer-library-consumers-1, groupId=library-consumers] Connection to node 2 (localhost/127.0.0.1:9093) could not be established. Node may not be available.
2026-04-06 11:25:53.331 [Thread-3] INFO  o.apache.kafka.clients.NetworkClient - [Consumer clientId=consumer-inventory-group-3, groupId=inventory-group] Node 2 disconnected.
2026-04-06 11:25:53.331 [Thread-3] WARN  o.apache.kafka.clients.NetworkClient - [Consumer clientId=consumer-inventory-group-3, groupId=inventory-group] Connection to node 2 (localhost/127.0.0.1:9093) could not be established. Node may not be available.
2026-04-06 11:25:53.398 [kafka-producer-network-thread | producer-2] INFO  o.apache.kafka.clients.NetworkClient - [Producer clientId=producer-2] Node 2 disconnected.
2026-04-06 11:25:53.398 [kafka-producer-network-thread | producer-2] WARN  o.apache.kafka.clients.NetworkClient - [Producer clientId=producer-2] Connection to node 2 (localhost/127.0.0.1:9093) could not be established. Node may not be available.
2026-04-06 11:25:53.518 [kafka-coordinator-heartbeat-thread | analytics-group] INFO  o.apache.kafka.clients.NetworkClient - [Consumer clientId=consumer-analytics-group-2, groupId=analytics-group] Node 2 disconnected.
2026-04-06 11:25:53.518 [kafka-coordinator-heartbeat-thread | analytics-group] WARN  o.apache.kafka.clients.NetworkClient - [Consumer clientId=consumer-analytics-group-2, groupId=analytics-group] Connection to node 2 (localhost/127.0.0.1:9093) could not be established. Node may not be available.
2026-04-06 11:25:53.519 [Thread-4] INFO  o.apache.kafka.clients.NetworkClient - [Consumer clientId=consumer-analytics-group-2, groupId=analytics-group] Node 1 disconnected.
2026-04-06 11:25:53.519 [Thread-4] WARN  o.apache.kafka.clients.NetworkClient - [Consumer clientId=consumer-analytics-group-2, groupId=analytics-group] Connection to node 1 (localhost/127.0.0.1:9092) could not be established. Node may not be available.
2026-04-06 11:25:53.919 [DefaultDispatcher-worker-1] INFO  o.apache.kafka.clients.NetworkClient - [Consumer clientId=consumer-library-consumers-1, groupId=library-consumers] Node 3 disconnected.
2026-04-06 11:25:53.920 [DefaultDispatcher-worker-1] WARN  o.apache.kafka.clients.NetworkClient - [Consumer clientId=consumer-library-consumers-1, groupId=library-consumers] Connection to node 3 (localhost/127.0.0.1:9094) could not be established. Node may not be available.
2026-04-06 11:25:53.920 [DefaultDispatcher-worker-1] INFO  o.a.k.clients.FetchSessionHandler - [Consumer clientId=consumer-library-consumers-1, groupId=library-consumers] Error sending fetch request (sessionId=818237569, epoch=INITIAL) to node 3:
org.apache.kafka.common.errors.DisconnectException: null
2026-04-06 11:25:53.994 [kafka-producer-network-thread | producer-1] INFO  o.apache.kafka.clients.NetworkClient - [Producer clientId=producer-1] Node 1 disconnected.
2026-04-06 11:25:53.994 [kafka-producer-network-thread | producer-1] WARN  o.apache.kafka.clients.NetworkClient - [Producer clientId=producer-1] Connection to node 1 (localhost/127.0.0.1:9092) could not be established. Node may not be available.
2026-04-06 11:25:54.019 [Thread-4] INFO  o.apache.kafka.clients.NetworkClient - [Consumer clientId=consumer-analytics-group-2, groupId=analytics-group] Node 3 disconnected.
2026-04-06 11:25:54.019 [Thread-4] WARN  o.apache.kafka.clients.NetworkClient - [Consumer clientId=consumer-analytics-group-2, groupId=analytics-group] Connection to node 3 (localhost/127.0.0.1:9094) could not be established. Node may not be available.
2026-04-06 11:25:54.020 [Thread-4] INFO  o.a.k.clients.FetchSessionHandler - [Consumer clientId=consumer-analytics-group-2, groupId=analytics-group] Error sending fetch request (sessionId=1887201872, epoch=INITIAL) to node 3:
org.apache.kafka.common.errors.DisconnectException: null
2026-04-06 11:25:54.023 [kafka-coordinator-heartbeat-thread | inventory-group] INFO  o.a.k.clients.FetchSessionHandler - [Consumer clientId=consumer-inventory-group-3, groupId=inventory-group] Error sending fetch request (sessionId=1072045896, epoch=INITIAL) to node 3:
org.apache.kafka.common.errors.DisconnectException: null
2026-04-06 11:25:54.024 [Thread-3] INFO  o.apache.kafka.clients.NetworkClient - [Consumer clientId=consumer-inventory-group-3, groupId=inventory-group] Node 1 disconnected.
2026-04-06 11:25:54.024 [Thread-3] WARN  o.apache.kafka.clients.NetworkClient - [Consumer clientId=consumer-inventory-group-3, groupId=inventory-group] Connection to node 1 (localhost/127.0.0.1:9092) could not be established. Node may not be available.
2026-04-06 11:25:54.120 [kafka-producer-network-thread | producer-1] INFO  o.apache.kafka.clients.NetworkClient - [Producer clientId=producer-1] Node 2 disconnected.
2026-04-06 11:25:54.120 [kafka-producer-network-thread | producer-1] WARN  o.apache.kafka.clients.NetworkClient - [Producer clientId=producer-1] Connection to node 2 (localhost/127.0.0.1:9093) could not be established. Node may not be available.
2026-04-06 11:25:54.194 [DefaultDispatcher-worker-1] INFO  o.apache.kafka.clients.NetworkClient - [Consumer clientId=consumer-library-consumers-1, groupId=library-consumers] Node 1 disconnected.
2026-04-06 11:25:54.194 [DefaultDispatcher-worker-1] WARN  o.apache.kafka.clients.NetworkClient - [Consumer clientId=consumer-library-consumers-1, groupId=library-consumers] Connection to node 1 (localhost/127.0.0.1:9092) could not be established. Node may not be available.
2026-04-06 11:25:54.332 [Thread-3] INFO  o.apache.kafka.clients.NetworkClient - [Consumer clientId=consumer-inventory-group-3, groupId=inventory-group] Node 3 disconnected.
2026-04-06 11:25:54.332 [Thread-3] WARN  o.apache.kafka.clients.NetworkClient - [Consumer clientId=consumer-inventory-group-3, groupId=inventory-group] Connection to node 3 (localhost/127.0.0.1:9094) could not be established. Node may not be available.
2026-04-06 11:25:54.400 [kafka-producer-network-thread | producer-2] INFO  o.apache.kafka.clients.NetworkClient - [Producer clientId=producer-2] Node 1 disconnected.
2026-04-06 11:25:54.400 [kafka-producer-network-thread | producer-2] WARN  o.apache.kafka.clients.NetworkClient - [Producer clientId=producer-2] Connection to node 1 (localhost/127.0.0.1:9092) could not be established. Node may not be available.
2026-04-06 11:25:54.518 [Thread-4] INFO  o.apache.kafka.clients.NetworkClient - [Consumer clientId=consumer-analytics-group-2, groupId=analytics-group] Node 2 disconnected.
2026-04-06 11:25:54.518 [Thread-4] WARN  o.apache.kafka.clients.NetworkClient - [Consumer clientId=consumer-analytics-group-2, groupId=analytics-group] Connection to node 2 (localhost/127.0.0.1:9093) could not be established. Node may not be available.
2026-04-06 11:25:54.521 [Thread-4] INFO  o.apache.kafka.clients.NetworkClient - [Consumer clientId=consumer-analytics-group-2, groupId=analytics-group] Node 1 disconnected.
2026-04-06 11:25:54.521 [Thread-4] WARN  o.apache.kafka.clients.NetworkClient - [Consumer clientId=consumer-analytics-group-2, groupId=analytics-group] Connection to node 1 (localhost/127.0.0.1:9092) could not be established. Node may not be available.
2026-04-06 11:25:54.524 [Thread-3] INFO  o.apache.kafka.clients.NetworkClient - [Consumer clientId=consumer-inventory-group-3, groupId=inventory-group] Node 2 disconnected.
2026-04-06 11:25:54.524 [Thread-3] WARN  o.apache.kafka.clients.NetworkClient - [Consumer clientId=consumer-inventory-group-3, groupId=inventory-group] Connection to node 2 (localhost/127.0.0.1:9093) could not be established. Node may not be available.
2026-04-06 11:25:54.921 [DefaultDispatcher-worker-1] INFO  o.apache.kafka.clients.NetworkClient - [Consumer clientId=consumer-library-consumers-1, groupId=library-consumers] Node 3 disconnected.
2026-04-06 11:25:54.921 [DefaultDispatcher-worker-1] WARN  o.apache.kafka.clients.NetworkClient - [Consumer clientId=consumer-library-consumers-1, groupId=library-consumers] Connection to node 3 (localhost/127.0.0.1:9094) could not be established. Node may not be available.
2026-04-06 11:25:54.921 [DefaultDispatcher-worker-1] INFO  o.a.k.clients.FetchSessionHandler - [Consumer clientId=consumer-library-consumers-1, groupId=library-consumers] Error sending fetch request (sessionId=818237569, epoch=INITIAL) to node 3:
org.apache.kafka.common.errors.DisconnectException: null
2026-04-06 11:25:54.979 [kafka-producer-network-thread | producer-1] INFO  o.apache.kafka.clients.NetworkClient - [Producer clientId=producer-1] Node 3 disconnected.
2026-04-06 11:25:54.979 [kafka-producer-network-thread | producer-1] WARN  o.apache.kafka.clients.NetworkClient - [Producer clientId=producer-1] Connection to node 3 (localhost/127.0.0.1:9094) could not be established. Node may not be available.
2026-04-06 11:25:55.022 [Thread-4] INFO  o.apache.kafka.clients.NetworkClient - [Consumer clientId=consumer-analytics-group-2, groupId=analytics-group] Node 3 disconnected.
2026-04-06 11:25:55.022 [Thread-4] WARN  o.apache.kafka.clients.NetworkClient - [Consumer clientId=consumer-analytics-group-2, groupId=analytics-group] Connection to node 3 (localhost/127.0.0.1:9094) could not be established. Node may not be available.
2026-04-06 11:25:55.022 [Thread-4] INFO  o.a.k.clients.FetchSessionHandler - [Consumer clientId=consumer-analytics-group-2, groupId=analytics-group] Error sending fetch request (sessionId=1887201872, epoch=INITIAL) to node 3:
org.apache.kafka.common.errors.DisconnectException: null
2026-04-06 11:25:55.121 [kafka-producer-network-thread | producer-1] INFO  o.apache.kafka.clients.NetworkClient - [Producer clientId=producer-1] Node 1 disconnected.
2026-04-06 11:25:55.121 [kafka-producer-network-thread | producer-1] WARN  o.apache.kafka.clients.NetworkClient - [Producer clientId=producer-1] Connection to node 1 (localhost/127.0.0.1:9092) could not be established. Node may not be available.
2026-04-06 11:25:55.194 [DefaultDispatcher-worker-1] INFO  o.apache.kafka.clients.NetworkClient - [Consumer clientId=consumer-library-consumers-1, groupId=library-consumers] Node 2 disconnected.
2026-04-06 11:25:55.194 [DefaultDispatcher-worker-1] WARN  o.apache.kafka.clients.NetworkClient - [Consumer clientId=consumer-library-consumers-1, groupId=library-consumers] Connection to node 2 (localhost/127.0.0.1:9093) could not be established. Node may not be available.
2026-04-06 11:25:55.215 [Thread-3] INFO  o.apache.kafka.clients.NetworkClient - [Consumer clientId=consumer-inventory-group-3, groupId=inventory-group] Node 1 disconnected.
2026-04-06 11:25:55.215 [Thread-3] WARN  o.apache.kafka.clients.NetworkClient - [Consumer clientId=consumer-inventory-group-3, groupId=inventory-group] Connection to node 1 (localhost/127.0.0.1:9092) could not be established. Node may not be available.
2026-04-06 11:25:55.333 [Thread-3] INFO  o.apache.kafka.clients.NetworkClient - [Consumer clientId=consumer-inventory-group-3, groupId=inventory-group] Node 3 disconnected.
2026-04-06 11:25:55.333 [Thread-3] WARN  o.apache.kafka.clients.NetworkClient - [Consumer clientId=consumer-inventory-group-3, groupId=inventory-group] Connection to node 3 (localhost/127.0.0.1:9094) could not be established. Node may not be available.
2026-04-06 11:25:55.401 [kafka-producer-network-thread | producer-2] INFO  o.apache.kafka.clients.NetworkClient - [Producer clientId=producer-2] Node 3 disconnected.
2026-04-06 11:25:55.401 [kafka-producer-network-thread | producer-2] WARN  o.apache.kafka.clients.NetworkClient - [Producer clientId=producer-2] Connection to node 3 (localhost/127.0.0.1:9094) could not be established. Node may not be available.
2026-04-06 11:25:55.519 [Thread-4] INFO  o.apache.kafka.clients.NetworkClient - [Consumer clientId=consumer-analytics-group-2, groupId=analytics-group] Node 2 disconnected.
2026-04-06 11:25:55.519 [Thread-4] WARN  o.apache.kafka.clients.NetworkClient - [Consumer clientId=consumer-analytics-group-2, groupId=analytics-group] Connection to node 2 (localhost/127.0.0.1:9093) could not be established. Node may not be available.
2026-04-06 11:25:55.522 [Thread-4] INFO  o.apache.kafka.clients.NetworkClient - [Consumer clientId=consumer-analytics-group-2, groupId=analytics-group] Node 1 disconnected.
2026-04-06 11:25:55.523 [Thread-4] WARN  o.apache.kafka.clients.NetworkClient - [Consumer clientId=consumer-analytics-group-2, groupId=analytics-group] Connection to node 1 (localhost/127.0.0.1:9092) could not be established. Node may not be available.
2026-04-06 11:25:55.524 [Thread-3] INFO  o.apache.kafka.clients.NetworkClient - [Consumer clientId=consumer-inventory-group-3, groupId=inventory-group] Node 2 disconnected.
2026-04-06 11:25:55.524 [Thread-3] WARN  o.apache.kafka.clients.NetworkClient - [Consumer clientId=consumer-inventory-group-3, groupId=inventory-group] Connection to node 2 (localhost/127.0.0.1:9093) could not be established. Node may not be available.
2026-04-06 11:25:55.921 [DefaultDispatcher-worker-1] INFO  o.apache.kafka.clients.NetworkClient - [Consumer clientId=consumer-library-consumers-1, groupId=library-consumers] Node 3 disconnected.
2026-04-06 11:25:55.922 [DefaultDispatcher-worker-1] WARN  o.apache.kafka.clients.NetworkClient - [Consumer clientId=consumer-library-consumers-1, groupId=library-consumers] Connection to node 3 (localhost/127.0.0.1:9094) could not be established. Node may not be available.
2026-04-06 11:25:55.922 [DefaultDispatcher-worker-1] INFO  o.a.k.clients.FetchSessionHandler - [Consumer clientId=consumer-library-consumers-1, groupId=library-consumers] Error sending fetch request (sessionId=818237569, epoch=INITIAL) to node 3:
org.apache.kafka.common.errors.DisconnectException: null
2026-04-06 11:25:55.922 [DefaultDispatcher-worker-1] INFO  o.apache.kafka.clients.NetworkClient - [Consumer clientId=consumer-library-consumers-1, groupId=library-consumers] Node 1 disconnected.
2026-04-06 11:25:55.922 [DefaultDispatcher-worker-1] WARN  o.apache.kafka.clients.NetworkClient - [Consumer clientId=consumer-library-consumers-1, groupId=library-consumers] Connection to node 1 (localhost/127.0.0.1:9092) could not be established. Node may not be available.
2026-04-06 11:25:56.023 [Thread-4] INFO  o.apache.kafka.clients.NetworkClient - [Consumer clientId=consumer-analytics-group-2, groupId=analytics-group] Node 3 disconnected.
2026-04-06 11:25:56.023 [Thread-4] WARN  o.apache.kafka.clients.NetworkClient - [Consumer clientId=consumer-analytics-group-2, groupId=analytics-group] Connection to node 3 (localhost/127.0.0.1:9094) could not be established. Node may not be available.
2026-04-06 11:25:56.023 [Thread-4] INFO  o.a.k.clients.FetchSessionHandler - [Consumer clientId=consumer-analytics-group-2, groupId=analytics-group] Error sending fetch request (sessionId=1887201872, epoch=INITIAL) to node 3:
org.apache.kafka.common.errors.DisconnectException: null
2026-04-06 11:25:56.115 [DefaultDispatcher-worker-1] INFO  o.apache.kafka.clients.NetworkClient - [Consumer clientId=consumer-library-consumers-1, groupId=library-consumers] Node 2 disconnected.
2026-04-06 11:25:56.115 [DefaultDispatcher-worker-1] WARN  o.apache.kafka.clients.NetworkClient - [Consumer clientId=consumer-library-consumers-1, groupId=library-consumers] Connection to node 2 (localhost/127.0.0.1:9093) could not be established. Node may not be available.
2026-04-06 11:25:56.123 [kafka-producer-network-thread | producer-1] INFO  o.apache.kafka.clients.NetworkClient - [Producer clientId=producer-1] Node 2 disconnected.
2026-04-06 11:25:56.123 [kafka-producer-network-thread | producer-1] WARN  o.apache.kafka.clients.NetworkClient - [Producer clientId=producer-1] Connection to node 2 (localhost/127.0.0.1:9093) could not be established. Node may not be available.
2026-04-06 11:25:56.334 [Thread-3] INFO  o.apache.kafka.clients.NetworkClient - [Consumer clientId=consumer-inventory-group-3, groupId=inventory-group] Node 1 disconnected.
2026-04-06 11:25:56.334 [Thread-3] WARN  o.apache.kafka.clients.NetworkClient - [Consumer clientId=consumer-inventory-group-3, groupId=inventory-group] Connection to node 1 (localhost/127.0.0.1:9092) could not be established. Node may not be available.
2026-04-06 11:25:56.403 [kafka-producer-network-thread | producer-2] INFO  o.apache.kafka.clients.NetworkClient - [Producer clientId=producer-2] Node 2 disconnected.
2026-04-06 11:25:56.403 [kafka-producer-network-thread | producer-2] WARN  o.apache.kafka.clients.NetworkClient - [Producer clientId=producer-2] Connection to node 2 (localhost/127.0.0.1:9093) could not be established. Node may not be available.
2026-04-06 11:25:56.501 [Thread-4] INFO  o.apache.kafka.clients.NetworkClient - [Consumer clientId=consumer-analytics-group-2, groupId=analytics-group] Node 1 disconnected.
2026-04-06 11:25:56.502 [Thread-4] WARN  o.apache.kafka.clients.NetworkClient - [Consumer clientId=consumer-analytics-group-2, groupId=analytics-group] Connection to node 1 (localhost/127.0.0.1:9092) could not be established. Node may not be available.
2026-04-06 11:25:56.523 [Thread-4] INFO  o.apache.kafka.clients.NetworkClient - [Consumer clientId=consumer-analytics-group-2, groupId=analytics-group] Node 2 disconnected.
2026-04-06 11:25:56.524 [Thread-4] WARN  o.apache.kafka.clients.NetworkClient - [Consumer clientId=consumer-analytics-group-2, groupId=analytics-group] Connection to node 2 (localhost/127.0.0.1:9093) could not be established. Node may not be available.
2026-04-06 11:25:56.524 [kafka-coordinator-heartbeat-thread | inventory-group] INFO  o.a.k.clients.FetchSessionHandler - [Consumer clientId=consumer-inventory-group-3, groupId=inventory-group] Error sending fetch request (sessionId=1072045896, epoch=INITIAL) to node 3:
org.apache.kafka.common.errors.DisconnectException: null
2026-04-06 11:25:56.525 [Thread-3] INFO  o.apache.kafka.clients.NetworkClient - [Consumer clientId=consumer-inventory-group-3, groupId=inventory-group] Node 3 disconnected.
2026-04-06 11:25:56.525 [Thread-3] WARN  o.apache.kafka.clients.NetworkClient - [Consumer clientId=consumer-inventory-group-3, groupId=inventory-group] Connection to node 3 (localhost/127.0.0.1:9094) could not be established. Node may not be available.
2026-04-06 11:25:56.922 [kafka-coordinator-heartbeat-thread | library-consumers] INFO  o.a.k.clients.FetchSessionHandler - [Consumer clientId=consumer-library-consumers-1, groupId=library-consumers] Error sending fetch request (sessionId=818237569, epoch=INITIAL) to node 3:
org.apache.kafka.common.errors.DisconnectException: null
2026-04-06 11:25:56.923 [DefaultDispatcher-worker-1] INFO  o.apache.kafka.clients.NetworkClient - [Consumer clientId=consumer-library-consumers-1, groupId=library-consumers] Node 3 disconnected.
2026-04-06 11:25:56.923 [DefaultDispatcher-worker-1] WARN  o.apache.kafka.clients.NetworkClient - [Consumer clientId=consumer-library-consumers-1, groupId=library-consumers] Connection to node 3 (localhost/127.0.0.1:9094) could not be established. Node may not be available.
2026-04-06 11:25:57.024 [Thread-4] INFO  o.apache.kafka.clients.NetworkClient - [Consumer clientId=consumer-analytics-group-2, groupId=analytics-group] Node 3 disconnected.
2026-04-06 11:25:57.024 [Thread-3] INFO  o.apache.kafka.clients.NetworkClient - [Consumer clientId=consumer-inventory-group-3, groupId=inventory-group] Node 2 disconnected.
2026-04-06 11:25:57.024 [Thread-4] WARN  o.apache.kafka.clients.NetworkClient - [Consumer clientId=consumer-analytics-group-2, groupId=analytics-group] Connection to node 3 (localhost/127.0.0.1:9094) could not be established. Node may not be available.
2026-04-06 11:25:57.024 [Thread-3] WARN  o.apache.kafka.clients.NetworkClient - [Consumer clientId=consumer-inventory-group-3, groupId=inventory-group] Connection to node 2 (localhost/127.0.0.1:9093) could not be established. Node may not be available.
2026-04-06 11:25:57.025 [Thread-4] INFO  o.a.k.clients.FetchSessionHandler - [Consumer clientId=consumer-analytics-group-2, groupId=analytics-group] Error sending fetch request (sessionId=1887201872, epoch=INITIAL) to node 3:
org.apache.kafka.common.errors.DisconnectException: null
2026-04-06 11:25:57.116 [DefaultDispatcher-worker-1] INFO  o.apache.kafka.clients.NetworkClient - [Consumer clientId=consumer-library-consumers-1, groupId=library-consumers] Node 1 disconnected.
2026-04-06 11:25:57.116 [DefaultDispatcher-worker-1] WARN  o.apache.kafka.clients.NetworkClient - [Consumer clientId=consumer-library-consumers-1, groupId=library-consumers] Connection to node 1 (localhost/127.0.0.1:9092) could not be established. Node may not be available.
2026-04-06 11:25:57.124 [kafka-producer-network-thread | producer-1] INFO  o.apache.kafka.clients.NetworkClient - [Producer clientId=producer-1] Node 3 disconnected.
2026-04-06 11:25:57.124 [kafka-producer-network-thread | producer-1] WARN  o.apache.kafka.clients.NetworkClient - [Producer clientId=producer-1] Connection to node 3 (localhost/127.0.0.1:9094) could not be established. Node may not be available.
2026-04-06 11:25:57.235 [Thread-3] INFO  o.apache.kafka.clients.NetworkClient - [Consumer clientId=consumer-inventory-group-3, groupId=inventory-group] Node 1 disconnected.
2026-04-06 11:25:57.235 [Thread-3] WARN  o.apache.kafka.clients.NetworkClient - [Consumer clientId=consumer-inventory-group-3, groupId=inventory-group] Connection to node 1 (localhost/127.0.0.1:9092) could not be established. Node may not be available.
2026-04-06 11:25:57.404 [kafka-producer-network-thread | producer-2] INFO  o.apache.kafka.clients.NetworkClient - [Producer clientId=producer-2] Node 1 disconnected.
2026-04-06 11:25:57.404 [kafka-producer-network-thread | producer-2] WARN  o.apache.kafka.clients.NetworkClient - [Producer clientId=producer-2] Connection to node 1 (localhost/127.0.0.1:9092) could not be established. Node may not be available.
2026-04-06 11:25:57.501 [Thread-4] INFO  o.apache.kafka.clients.NetworkClient - [Consumer clientId=consumer-analytics-group-2, groupId=analytics-group] Node 1 disconnected.
2026-04-06 11:25:57.501 [Thread-4] WARN  o.apache.kafka.clients.NetworkClient - [Consumer clientId=consumer-analytics-group-2, groupId=analytics-group] Connection to node 1 (localhost/127.0.0.1:9092) could not be established. Node may not be available.
2026-04-06 11:25:57.525 [kafka-coordinator-heartbeat-thread | inventory-group] INFO  o.apache.kafka.clients.NetworkClient - [Consumer clientId=consumer-inventory-group-3, groupId=inventory-group] Node 3 disconnected.
2026-04-06 11:25:57.525 [kafka-coordinator-heartbeat-thread | inventory-group] WARN  o.apache.kafka.clients.NetworkClient - [Consumer clientId=consumer-inventory-group-3, groupId=inventory-group] Connection to node 3 (localhost/127.0.0.1:9094) could not be established. Node may not be available.
2026-04-06 11:25:57.525 [kafka-coordinator-heartbeat-thread | inventory-group] INFO  o.a.k.clients.FetchSessionHandler - [Consumer clientId=consumer-inventory-group-3, groupId=inventory-group] Error sending fetch request (sessionId=1072045896, epoch=INITIAL) to node 3:
org.apache.kafka.common.errors.DisconnectException: null
2026-04-06 11:25:57.526 [Thread-4] INFO  o.apache.kafka.clients.NetworkClient - [Consumer clientId=consumer-analytics-group-2, groupId=analytics-group] Node 2 disconnected.
2026-04-06 11:25:57.526 [Thread-4] WARN  o.apache.kafka.clients.NetworkClient - [Consumer clientId=consumer-analytics-group-2, groupId=analytics-group] Connection to node 2 (localhost/127.0.0.1:9093) could not be established. Node may not be available.
2026-04-06 11:25:57.922 [DefaultDispatcher-worker-1] INFO  o.apache.kafka.clients.NetworkClient - [Consumer clientId=consumer-library-consumers-1, groupId=library-consumers] Node 3 disconnected.
2026-04-06 11:25:57.922 [DefaultDispatcher-worker-1] WARN  o.apache.kafka.clients.NetworkClient - [Consumer clientId=consumer-library-consumers-1, groupId=library-consumers] Connection to node 3 (localhost/127.0.0.1:9094) could not be established. Node may not be available.
2026-04-06 11:25:57.922 [DefaultDispatcher-worker-1] INFO  o.a.k.clients.FetchSessionHandler - [Consumer clientId=consumer-library-consumers-1, groupId=library-consumers] Error sending fetch request (sessionId=818237569, epoch=INITIAL) to node 3:
org.apache.kafka.common.errors.DisconnectException: null
2026-04-06 11:25:58.026 [Thread-3] INFO  o.apache.kafka.clients.NetworkClient - [Consumer clientId=consumer-inventory-group-3, groupId=inventory-group] Node 2 disconnected.
2026-04-06 11:25:58.026 [Thread-3] WARN  o.apache.kafka.clients.NetworkClient - [Consumer clientId=consumer-inventory-group-3, groupId=inventory-group] Connection to node 2 (localhost/127.0.0.1:9093) could not be established. Node may not be available.
2026-04-06 11:25:58.027 [Thread-4] INFO  o.apache.kafka.clients.NetworkClient - [Consumer clientId=consumer-analytics-group-2, groupId=analytics-group] Node 3 disconnected.
2026-04-06 11:25:58.027 [Thread-4] WARN  o.apache.kafka.clients.NetworkClient - [Consumer clientId=consumer-analytics-group-2, groupId=analytics-group] Connection to node 3 (localhost/127.0.0.1:9094) could not be established. Node may not be available.
2026-04-06 11:25:58.027 [Thread-4] INFO  o.a.k.clients.FetchSessionHandler - [Consumer clientId=consumer-analytics-group-2, groupId=analytics-group] Error sending fetch request (sessionId=1887201872, epoch=INITIAL) to node 3:
org.apache.kafka.common.errors.DisconnectException: null
2026-04-06 11:25:58.117 [DefaultDispatcher-worker-1] INFO  o.apache.kafka.clients.NetworkClient - [Consumer clientId=consumer-library-consumers-1, groupId=library-consumers] Node 2 disconnected.
2026-04-06 11:25:58.117 [DefaultDispatcher-worker-1] WARN  o.apache.kafka.clients.NetworkClient - [Consumer clientId=consumer-library-consumers-1, groupId=library-consumers] Connection to node 2 (localhost/127.0.0.1:9093) could not be established. Node may not be available.
2026-04-06 11:25:58.125 [kafka-producer-network-thread | producer-1] INFO  o.apache.kafka.clients.NetworkClient - [Producer clientId=producer-1] Node 1 disconnected.
2026-04-06 11:25:58.125 [kafka-producer-network-thread | producer-1] WARN  o.apache.kafka.clients.NetworkClient - [Producer clientId=producer-1] Connection to node 1 (localhost/127.0.0.1:9092) could not be established. Node may not be available.
2026-04-06 11:25:58.405 [kafka-producer-network-thread | producer-2] INFO  o.apache.kafka.clients.NetworkClient - [Producer clientId=producer-2] Node 3 disconnected.
2026-04-06 11:25:58.406 [kafka-producer-network-thread | producer-2] WARN  o.apache.kafka.clients.NetworkClient - [Producer clientId=producer-2] Connection to node 3 (localhost/127.0.0.1:9094) could not be established. Node may not be available.
2026-04-06 11:25:58.501 [Thread-4] INFO  o.apache.kafka.clients.NetworkClient - [Consumer clientId=consumer-analytics-group-2, groupId=analytics-group] Node 1 disconnected.
2026-04-06 11:25:58.502 [Thread-4] WARN  o.apache.kafka.clients.NetworkClient - [Consumer clientId=consumer-analytics-group-2, groupId=analytics-group] Connection to node 1 (localhost/127.0.0.1:9092) could not be established. Node may not be available.
2026-04-06 11:25:58.526 [Thread-3] INFO  o.apache.kafka.clients.NetworkClient - [Consumer clientId=consumer-inventory-group-3, groupId=inventory-group] Node 1 disconnected.
2026-04-06 11:25:58.526 [Thread-3] WARN  o.apache.kafka.clients.NetworkClient - [Consumer clientId=consumer-inventory-group-3, groupId=inventory-group] Connection to node 1 (localhost/127.0.0.1:9092) could not be established. Node may not be available.
2026-04-06 11:25:58.526 [kafka-coordinator-heartbeat-thread | inventory-group] INFO  o.a.k.clients.FetchSessionHandler - [Consumer clientId=consumer-inventory-group-3, groupId=inventory-group] Error sending fetch request (sessionId=1072045896, epoch=INITIAL) to node 3:
org.apache.kafka.common.errors.DisconnectException: null
2026-04-06 11:25:58.526 [Thread-3] INFO  o.apache.kafka.clients.NetworkClient - [Consumer clientId=consumer-inventory-group-3, groupId=inventory-group] Node 3 disconnected.
2026-04-06 11:25:58.526 [Thread-3] WARN  o.apache.kafka.clients.NetworkClient - [Consumer clientId=consumer-inventory-group-3, groupId=inventory-group] Connection to node 3 (localhost/127.0.0.1:9094) could not be established. Node may not be available.
2026-04-06 11:25:58.527 [Thread-4] INFO  o.apache.kafka.clients.NetworkClient - [Consumer clientId=consumer-analytics-group-2, groupId=analytics-group] Node 2 disconnected.
2026-04-06 11:25:58.527 [Thread-4] WARN  o.apache.kafka.clients.NetworkClient - [Consumer clientId=consumer-analytics-group-2, groupId=analytics-group] Connection to node 2 (localhost/127.0.0.1:9093) could not be established. Node may not be available.
2026-04-06 11:25:58.924 [DefaultDispatcher-worker-1] INFO  o.apache.kafka.clients.NetworkClient - [Consumer clientId=consumer-library-consumers-1, groupId=library-consumers] Node 3 disconnected.
2026-04-06 11:25:58.924 [DefaultDispatcher-worker-1] WARN  o.apache.kafka.clients.NetworkClient - [Consumer clientId=consumer-library-consumers-1, groupId=library-consumers] Connection to node 3 (localhost/127.0.0.1:9094) could not be established. Node may not be available.
2026-04-06 11:25:58.924 [DefaultDispatcher-worker-1] INFO  o.a.k.clients.FetchSessionHandler - [Consumer clientId=consumer-library-consumers-1, groupId=library-consumers] Error sending fetch request (sessionId=818237569, epoch=INITIAL) to node 3:
org.apache.kafka.common.errors.DisconnectException: null
2026-04-06 11:25:59.027 [Thread-3] INFO  o.apache.kafka.clients.NetworkClient - [Consumer clientId=consumer-inventory-group-3, groupId=inventory-group] Node 2 disconnected.
2026-04-06 11:25:59.027 [Thread-3] WARN  o.apache.kafka.clients.NetworkClient - [Consumer clientId=consumer-inventory-group-3, groupId=inventory-group] Connection to node 2 (localhost/127.0.0.1:9093) could not be established. Node may not be available.
2026-04-06 11:25:59.027 [Thread-4] INFO  o.apache.kafka.clients.NetworkClient - [Consumer clientId=consumer-analytics-group-2, groupId=analytics-group] Node 3 disconnected.
2026-04-06 11:25:59.027 [Thread-4] WARN  o.apache.kafka.clients.NetworkClient - [Consumer clientId=consumer-analytics-group-2, groupId=analytics-group] Connection to node 3 (localhost/127.0.0.1:9094) could not be established. Node may not be available.
2026-04-06 11:25:59.028 [Thread-4] INFO  o.a.k.clients.FetchSessionHandler - [Consumer clientId=consumer-analytics-group-2, groupId=analytics-group] Error sending fetch request (sessionId=1887201872, epoch=INITIAL) to node 3:
org.apache.kafka.common.errors.DisconnectException: null
2026-04-06 11:25:59.118 [DefaultDispatcher-worker-1] INFO  o.apache.kafka.clients.NetworkClient - [Consumer clientId=consumer-library-consumers-1, groupId=library-consumers] Node 1 disconnected.
2026-04-06 11:25:59.118 [DefaultDispatcher-worker-1] WARN  o.apache.kafka.clients.NetworkClient - [Consumer clientId=consumer-library-consumers-1, groupId=library-consumers] Connection to node 1 (localhost/127.0.0.1:9092) could not be established. Node may not be available.
2026-04-06 11:25:59.126 [kafka-producer-network-thread | producer-1] INFO  o.apache.kafka.clients.NetworkClient - [Producer clientId=producer-1] Node 2 disconnected.
2026-04-06 11:25:59.126 [kafka-producer-network-thread | producer-1] WARN  o.apache.kafka.clients.NetworkClient - [Producer clientId=producer-1] Connection to node 2 (localhost/127.0.0.1:9093) could not be established. Node may not be available.
2026-04-06 11:25:59.406 [kafka-producer-network-thread | producer-2] INFO  o.apache.kafka.clients.NetworkClient - [Producer clientId=producer-2] Node 2 disconnected.
2026-04-06 11:25:59.406 [kafka-producer-network-thread | producer-2] WARN  o.apache.kafka.clients.NetworkClient - [Producer clientId=producer-2] Connection to node 2 (localhost/127.0.0.1:9093) could not be established. Node may not be available.
2026-04-06 11:25:59.435 [Thread-3] INFO  o.apache.kafka.clients.NetworkClient - [Consumer clientId=consumer-inventory-group-3, groupId=inventory-group] Node 1 disconnected.
2026-04-06 11:25:59.435 [Thread-3] WARN  o.apache.kafka.clients.NetworkClient - [Consumer clientId=consumer-inventory-group-3, groupId=inventory-group] Connection to node 1 (localhost/127.0.0.1:9092) could not be established. Node may not be available.
2026-04-06 11:25:59.502 [Thread-4] INFO  o.apache.kafka.clients.NetworkClient - [Consumer clientId=consumer-analytics-group-2, groupId=analytics-group] Node 1 disconnected.
2026-04-06 11:25:59.502 [Thread-4] WARN  o.apache.kafka.clients.NetworkClient - [Consumer clientId=consumer-analytics-group-2, groupId=analytics-group] Connection to node 1 (localhost/127.0.0.1:9092) could not be established. Node may not be available.
2026-04-06 11:25:59.527 [Thread-3] INFO  o.apache.kafka.clients.NetworkClient - [Consumer clientId=consumer-inventory-group-3, groupId=inventory-group] Node 3 disconnected.
2026-04-06 11:25:59.527 [Thread-3] WARN  o.apache.kafka.clients.NetworkClient - [Consumer clientId=consumer-inventory-group-3, groupId=inventory-group] Connection to node 3 (localhost/127.0.0.1:9094) could not be established. Node may not be available.
2026-04-06 11:25:59.529 [Thread-4] INFO  o.apache.kafka.clients.NetworkClient - [Consumer clientId=consumer-analytics-group-2, groupId=analytics-group] Node 2 disconnected.
2026-04-06 11:25:59.529 [Thread-4] WARN  o.apache.kafka.clients.NetworkClient - [Consumer clientId=consumer-analytics-group-2, groupId=analytics-group] Connection to node 2 (localhost/127.0.0.1:9093) could not be established. Node may not be available.
2026-04-06 11:25:59.924 [DefaultDispatcher-worker-1] INFO  o.apache.kafka.clients.NetworkClient - [Consumer clientId=consumer-library-consumers-1, groupId=library-consumers] Node 3 disconnected.
2026-04-06 11:25:59.924 [DefaultDispatcher-worker-1] WARN  o.apache.kafka.clients.NetworkClient - [Consumer clientId=consumer-library-consumers-1, groupId=library-consumers] Connection to node 3 (localhost/127.0.0.1:9094) could not be established. Node may not be available.
2026-04-06 11:25:59.924 [DefaultDispatcher-worker-1] INFO  o.a.k.clients.FetchSessionHandler - [Consumer clientId=consumer-library-consumers-1, groupId=library-consumers] Error sending fetch request (sessionId=818237569, epoch=INITIAL) to node 3:
org.apache.kafka.common.errors.DisconnectException: null
2026-04-06 11:26:00.028 [Thread-3] INFO  o.apache.kafka.clients.NetworkClient - [Consumer clientId=consumer-inventory-group-3, groupId=inventory-group] Node 2 disconnected.
2026-04-06 11:26:00.028 [Thread-3] WARN  o.apache.kafka.clients.NetworkClient - [Consumer clientId=consumer-inventory-group-3, groupId=inventory-group] Connection to node 2 (localhost/127.0.0.1:9093) could not be established. Node may not be available.
2026-04-06 11:26:00.029 [Thread-4] INFO  o.apache.kafka.clients.NetworkClient - [Consumer clientId=consumer-analytics-group-2, groupId=analytics-group] Node 3 disconnected.
2026-04-06 11:26:00.029 [Thread-4] WARN  o.apache.kafka.clients.NetworkClient - [Consumer clientId=consumer-analytics-group-2, groupId=analytics-group] Connection to node 3 (localhost/127.0.0.1:9094) could not be established. Node may not be available.
2026-04-06 11:26:00.029 [Thread-4] INFO  o.a.k.clients.FetchSessionHandler - [Consumer clientId=consumer-analytics-group-2, groupId=analytics-group] Error sending fetch request (sessionId=1887201872, epoch=INITIAL) to node 3:
org.apache.kafka.common.errors.DisconnectException: null
2026-04-06 11:26:00.033 [DefaultDispatcher-worker-1] INFO  o.apache.kafka.clients.NetworkClient - [Consumer clientId=consumer-library-consumers-1, groupId=library-consumers] Node 2 disconnected.
2026-04-06 11:26:00.033 [DefaultDispatcher-worker-1] WARN  o.apache.kafka.clients.NetworkClient - [Consumer clientId=consumer-library-consumers-1, groupId=library-consumers] Connection to node 2 (localhost/127.0.0.1:9093) could not be established. Node may not be available.
2026-04-06 11:26:00.127 [kafka-producer-network-thread | producer-1] INFO  o.apache.kafka.clients.NetworkClient - [Producer clientId=producer-1] Node 3 disconnected.
2026-04-06 11:26:00.127 [kafka-producer-network-thread | producer-1] WARN  o.apache.kafka.clients.NetworkClient - [Producer clientId=producer-1] Connection to node 3 (localhost/127.0.0.1:9094) could not be established. Node may not be available.
2026-04-06 11:26:00.407 [kafka-producer-network-thread | producer-2] INFO  o.apache.kafka.clients.NetworkClient - [Producer clientId=producer-2] Node 1 disconnected.
2026-04-06 11:26:00.407 [kafka-producer-network-thread | producer-2] WARN  o.apache.kafka.clients.NetworkClient - [Producer clientId=producer-2] Connection to node 1 (localhost/127.0.0.1:9092) could not be established. Node may not be available.
2026-04-06 11:26:00.419 [Thread-3] INFO  o.apache.kafka.clients.NetworkClient - [Consumer clientId=consumer-inventory-group-3, groupId=inventory-group] Node 1 disconnected.
2026-04-06 11:26:00.419 [Thread-3] WARN  o.apache.kafka.clients.NetworkClient - [Consumer clientId=consumer-inventory-group-3, groupId=inventory-group] Connection to node 1 (localhost/127.0.0.1:9092) could not be established. Node may not be available.
2026-04-06 11:26:00.503 [Thread-4] INFO  o.apache.kafka.clients.NetworkClient - [Consumer clientId=consumer-analytics-group-2, groupId=analytics-group] Node 1 disconnected.
2026-04-06 11:26:00.503 [Thread-4] WARN  o.apache.kafka.clients.NetworkClient - [Consumer clientId=consumer-analytics-group-2, groupId=analytics-group] Connection to node 1 (localhost/127.0.0.1:9092) could not be established. Node may not be available.
2026-04-06 11:26:00.527 [kafka-coordinator-heartbeat-thread | inventory-group] INFO  o.apache.kafka.clients.NetworkClient - [Consumer clientId=consumer-inventory-group-3, groupId=inventory-group] Node 3 disconnected.
2026-04-06 11:26:00.527 [kafka-coordinator-heartbeat-thread | inventory-group] WARN  o.apache.kafka.clients.NetworkClient - [Consumer clientId=consumer-inventory-group-3, groupId=inventory-group] Connection to node 3 (localhost/127.0.0.1:9094) could not be established. Node may not be available.
2026-04-06 11:26:00.529 [Thread-4] INFO  o.apache.kafka.clients.NetworkClient - [Consumer clientId=consumer-analytics-group-2, groupId=analytics-group] Node 2 disconnected.
2026-04-06 11:26:00.530 [Thread-4] WARN  o.apache.kafka.clients.NetworkClient - [Consumer clientId=consumer-analytics-group-2, groupId=analytics-group] Connection to node 2 (localhost/127.0.0.1:9093) could not be established. Node may not be available.
2026-04-06 11:26:00.925 [kafka-coordinator-heartbeat-thread | library-consumers] INFO  o.a.k.clients.FetchSessionHandler - [Consumer clientId=consumer-library-consumers-1, groupId=library-consumers] Error sending fetch request (sessionId=818237569, epoch=INITIAL) to node 3:
org.apache.kafka.common.errors.DisconnectException: null
2026-04-06 11:26:00.925 [DefaultDispatcher-worker-1] INFO  o.apache.kafka.clients.NetworkClient - [Consumer clientId=consumer-library-consumers-1, groupId=library-consumers] Node 1 disconnected.
2026-04-06 11:26:00.925 [DefaultDispatcher-worker-1] WARN  o.apache.kafka.clients.NetworkClient - [Consumer clientId=consumer-library-consumers-1, groupId=library-consumers] Connection to node 1 (localhost/127.0.0.1:9092) could not be established. Node may not be available.
2026-04-06 11:26:00.926 [DefaultDispatcher-worker-1] INFO  o.apache.kafka.clients.NetworkClient - [Consumer clientId=consumer-library-consumers-1, groupId=library-consumers] Node 3 disconnected.
2026-04-06 11:26:00.926 [DefaultDispatcher-worker-1] WARN  o.apache.kafka.clients.NetworkClient - [Consumer clientId=consumer-library-consumers-1, groupId=library-consumers] Connection to node 3 (localhost/127.0.0.1:9094) could not be established. Node may not be available.
2026-04-06 11:26:01.029 [Thread-3] INFO  o.apache.kafka.clients.NetworkClient - [Consumer clientId=consumer-inventory-group-3, groupId=inventory-group] Node 2 disconnected.
2026-04-06 11:26:01.029 [Thread-3] WARN  o.apache.kafka.clients.NetworkClient - [Consumer clientId=consumer-inventory-group-3, groupId=inventory-group] Connection to node 2 (localhost/127.0.0.1:9093) could not be established. Node may not be available.
2026-04-06 11:26:01.030 [kafka-coordinator-heartbeat-thread | analytics-group] INFO  o.a.k.clients.FetchSessionHandler - [Consumer clientId=consumer-analytics-group-2, groupId=analytics-group] Error sending fetch request (sessionId=1887201872, epoch=INITIAL) to node 3:
org.apache.kafka.common.errors.DisconnectException: null
2026-04-06 11:26:01.030 [Thread-4] INFO  o.apache.kafka.clients.NetworkClient - [Consumer clientId=consumer-analytics-group-2, groupId=analytics-group] Node 3 disconnected.
2026-04-06 11:26:01.030 [Thread-4] WARN  o.apache.kafka.clients.NetworkClient - [Consumer clientId=consumer-analytics-group-2, groupId=analytics-group] Connection to node 3 (localhost/127.0.0.1:9094) could not be established. Node may not be available.
2026-04-06 11:26:01.129 [kafka-producer-network-thread | producer-1] INFO  o.apache.kafka.clients.NetworkClient - [Producer clientId=producer-1] Node 1 disconnected.
2026-04-06 11:26:01.129 [kafka-producer-network-thread | producer-1] WARN  o.apache.kafka.clients.NetworkClient - [Producer clientId=producer-1] Connection to node 1 (localhost/127.0.0.1:9092) could not be established. Node may not be available.
2026-04-06 11:26:01.409 [kafka-producer-network-thread | producer-2] INFO  o.apache.kafka.clients.NetworkClient - [Producer clientId=producer-2] Node 3 disconnected.
2026-04-06 11:26:01.409 [kafka-producer-network-thread | producer-2] WARN  o.apache.kafka.clients.NetworkClient - [Producer clientId=producer-2] Connection to node 3 (localhost/127.0.0.1:9094) could not be established. Node may not be available.
2026-04-06 11:26:01.467 [Thread-3] INFO  o.apache.kafka.clients.NetworkClient - [Consumer clientId=consumer-inventory-group-3, groupId=inventory-group] Node 1 disconnected.
2026-04-06 11:26:01.467 [Thread-3] WARN  o.apache.kafka.clients.NetworkClient - [Consumer clientId=consumer-inventory-group-3, groupId=inventory-group] Connection to node 1 (localhost/127.0.0.1:9092) could not be established. Node may not be available.
2026-04-06 11:26:01.503 [Thread-4] INFO  o.apache.kafka.clients.NetworkClient - [Consumer clientId=consumer-analytics-group-2, groupId=analytics-group] Node 1 disconnected.
2026-04-06 11:26:01.504 [Thread-4] WARN  o.apache.kafka.clients.NetworkClient - [Consumer clientId=consumer-analytics-group-2, groupId=analytics-group] Connection to node 1 (localhost/127.0.0.1:9092) could not be established. Node may not be available.
2026-04-06 11:26:01.528 [Thread-3] INFO  o.apache.kafka.clients.NetworkClient - [Consumer clientId=consumer-inventory-group-3, groupId=inventory-group] Node 3 disconnected.
2026-04-06 11:26:01.528 [Thread-3] WARN  o.apache.kafka.clients.NetworkClient - [Consumer clientId=consumer-inventory-group-3, groupId=inventory-group] Connection to node 3 (localhost/127.0.0.1:9094) could not be established. Node may not be available.
2026-04-06 11:26:01.530 [Thread-4] INFO  o.apache.kafka.clients.NetworkClient - [Consumer clientId=consumer-analytics-group-2, groupId=analytics-group] Node 2 disconnected.
2026-04-06 11:26:01.530 [Thread-4] WARN  o.apache.kafka.clients.NetworkClient - [Consumer clientId=consumer-analytics-group-2, groupId=analytics-group] Connection to node 2 (localhost/127.0.0.1:9093) could not be established. Node may not be available.
2026-04-06 11:26:01.925 [kafka-coordinator-heartbeat-thread | library-consumers] INFO  o.apache.kafka.clients.NetworkClient - [Consumer clientId=consumer-library-consumers-1, groupId=library-consumers] Node 2 disconnected.
2026-04-06 11:26:01.925 [kafka-coordinator-heartbeat-thread | library-consumers] WARN  o.apache.kafka.clients.NetworkClient - [Consumer clientId=consumer-library-consumers-1, groupId=library-consumers] Connection to node 2 (localhost/127.0.0.1:9093) could not be established. Node may not be available.
2026-04-06 11:26:01.926 [DefaultDispatcher-worker-1] INFO  o.apache.kafka.clients.NetworkClient - [Consumer clientId=consumer-library-consumers-1, groupId=library-consumers] Node 1 disconnected.
2026-04-06 11:26:01.926 [DefaultDispatcher-worker-1] WARN  o.apache.kafka.clients.NetworkClient - [Consumer clientId=consumer-library-consumers-1, groupId=library-consumers] Connection to node 1 (localhost/127.0.0.1:9092) could not be established. Node may not be available.
2026-04-06 11:26:02.030 [Thread-3] INFO  o.apache.kafka.clients.NetworkClient - [Consumer clientId=consumer-inventory-group-3, groupId=inventory-group] Node 2 disconnected.
2026-04-06 11:26:02.030 [Thread-3] WARN  o.apache.kafka.clients.NetworkClient - [Consumer clientId=consumer-inventory-group-3, groupId=inventory-group] Connection to node 2 (localhost/127.0.0.1:9093) could not be established. Node may not be available.
2026-04-06 11:26:02.031 [kafka-coordinator-heartbeat-thread | analytics-group] INFO  o.a.k.clients.FetchSessionHandler - [Consumer clientId=consumer-analytics-group-2, groupId=analytics-group] Error sending fetch request (sessionId=1887201872, epoch=INITIAL) to node 3:
org.apache.kafka.common.errors.DisconnectException: null
2026-04-06 11:26:02.031 [Thread-4] INFO  o.apache.kafka.clients.NetworkClient - [Consumer clientId=consumer-analytics-group-2, groupId=analytics-group] Node 3 disconnected.
2026-04-06 11:26:02.031 [Thread-4] WARN  o.apache.kafka.clients.NetworkClient - [Consumer clientId=consumer-analytics-group-2, groupId=analytics-group] Connection to node 3 (localhost/127.0.0.1:9094) could not be established. Node may not be available.
2026-04-06 11:26:02.131 [kafka-producer-network-thread | producer-1] INFO  o.apache.kafka.clients.NetworkClient - [Producer clientId=producer-1] Node 2 disconnected.
2026-04-06 11:26:02.131 [kafka-producer-network-thread | producer-1] WARN  o.apache.kafka.clients.NetworkClient - [Producer clientId=producer-1] Connection to node 2 (localhost/127.0.0.1:9093) could not be established. Node may not be available.
2026-04-06 11:26:02.292 [kafka-producer-network-thread | producer-2] INFO  o.apache.kafka.clients.NetworkClient - [Producer clientId=producer-2] Node 2 disconnected.
2026-04-06 11:26:02.292 [kafka-producer-network-thread | producer-2] WARN  o.apache.kafka.clients.NetworkClient - [Producer clientId=producer-2] Connection to node 2 (localhost/127.0.0.1:9093) could not be established. Node may not be available.
2026-04-06 11:26:02.410 [kafka-producer-network-thread | producer-2] INFO  o.apache.kafka.clients.NetworkClient - [Producer clientId=producer-2] Node 1 disconnected.
2026-04-06 11:26:02.410 [kafka-producer-network-thread | producer-2] WARN  o.apache.kafka.clients.NetworkClient - [Producer clientId=producer-2] Connection to node 1 (localhost/127.0.0.1:9092) could not be established. Node may not be available.
2026-04-06 11:26:02.504 [Thread-4] INFO  o.apache.kafka.clients.NetworkClient - [Consumer clientId=consumer-analytics-group-2, groupId=analytics-group] Node 1 disconnected.
2026-04-06 11:26:02.504 [Thread-4] WARN  o.apache.kafka.clients.NetworkClient - [Consumer clientId=consumer-analytics-group-2, groupId=analytics-group] Connection to node 1 (localhost/127.0.0.1:9092) could not be established. Node may not be available.
2026-04-06 11:26:02.528 [Thread-3] INFO  o.apache.kafka.clients.NetworkClient - [Consumer clientId=consumer-inventory-group-3, groupId=inventory-group] Node 1 disconnected.
2026-04-06 11:26:02.529 [Thread-3] WARN  o.apache.kafka.clients.NetworkClient - [Consumer clientId=consumer-inventory-group-3, groupId=inventory-group] Connection to node 1 (localhost/127.0.0.1:9092) could not be established. Node may not be available.
2026-04-06 11:26:02.530 [kafka-coordinator-heartbeat-thread | inventory-group] INFO  o.a.k.clients.FetchSessionHandler - [Consumer clientId=consumer-inventory-group-3, groupId=inventory-group] Error sending fetch request (sessionId=1072045896, epoch=INITIAL) to node 3:
org.apache.kafka.common.errors.DisconnectException: null
2026-04-06 11:26:02.530 [Thread-3] INFO  o.apache.kafka.clients.NetworkClient - [Consumer clientId=consumer-inventory-group-3, groupId=inventory-group] Node 3 disconnected.
2026-04-06 11:26:02.530 [Thread-3] WARN  o.apache.kafka.clients.NetworkClient - [Consumer clientId=consumer-inventory-group-3, groupId=inventory-group] Connection to node 3 (localhost/127.0.0.1:9094) could not be established. Node may not be available.
2026-04-06 11:26:02.531 [Thread-4] INFO  o.apache.kafka.clients.NetworkClient - [Consumer clientId=consumer-analytics-group-2, groupId=analytics-group] Node 2 disconnected.
2026-04-06 11:26:02.531 [Thread-4] WARN  o.apache.kafka.clients.NetworkClient - [Consumer clientId=consumer-analytics-group-2, groupId=analytics-group] Connection to node 2 (localhost/127.0.0.1:9093) could not be established. Node may not be available.
2026-04-06 11:26:02.925 [kafka-coordinator-heartbeat-thread | library-consumers] INFO  o.apache.kafka.clients.NetworkClient - [Consumer clientId=consumer-library-consumers-1, groupId=library-consumers] Node 3 disconnected.
2026-04-06 11:26:02.925 [kafka-coordinator-heartbeat-thread | library-consumers] WARN  o.apache.kafka.clients.NetworkClient - [Consumer clientId=consumer-library-consumers-1, groupId=library-consumers] Connection to node 3 (localhost/127.0.0.1:9094) could not be established. Node may not be available.
2026-04-06 11:26:02.925 [kafka-coordinator-heartbeat-thread | library-consumers] INFO  o.a.k.clients.FetchSessionHandler - [Consumer clientId=consumer-library-consumers-1, groupId=library-consumers] Error sending fetch request (sessionId=818237569, epoch=INITIAL) to node 3:
org.apache.kafka.common.errors.DisconnectException: null
2026-04-06 11:26:02.926 [DefaultDispatcher-worker-1] INFO  o.apache.kafka.clients.NetworkClient - [Consumer clientId=consumer-library-consumers-1, groupId=library-consumers] Node 2 disconnected.
2026-04-06 11:26:02.926 [DefaultDispatcher-worker-1] WARN  o.apache.kafka.clients.NetworkClient - [Consumer clientId=consumer-library-consumers-1, groupId=library-consumers] Connection to node 2 (localhost/127.0.0.1:9093) could not be established. Node may not be available.
2026-04-06 11:26:02.995 [kafka-producer-network-thread | producer-1] INFO  o.apache.kafka.clients.NetworkClient - [Producer clientId=producer-1] Node 3 disconnected.
2026-04-06 11:26:02.995 [kafka-producer-network-thread | producer-1] WARN  o.apache.kafka.clients.NetworkClient - [Producer clientId=producer-1] Connection to node 3 (localhost/127.0.0.1:9094) could not be established. Node may not be available.
2026-04-06 11:26:03.031 [Thread-3] INFO  o.apache.kafka.clients.NetworkClient - [Consumer clientId=consumer-inventory-group-3, groupId=inventory-group] Node 2 disconnected.
2026-04-06 11:26:03.031 [Thread-3] WARN  o.apache.kafka.clients.NetworkClient - [Consumer clientId=consumer-inventory-group-3, groupId=inventory-group] Connection to node 2 (localhost/127.0.0.1:9093) could not be established. Node may not be available.
2026-04-06 11:26:03.032 [Thread-4] INFO  o.apache.kafka.clients.NetworkClient - [Consumer clientId=consumer-analytics-group-2, groupId=analytics-group] Node 3 disconnected.
2026-04-06 11:26:03.032 [Thread-4] WARN  o.apache.kafka.clients.NetworkClient - [Consumer clientId=consumer-analytics-group-2, groupId=analytics-group] Connection to node 3 (localhost/127.0.0.1:9094) could not be established. Node may not be available.
2026-04-06 11:26:03.032 [Thread-4] INFO  o.a.k.clients.FetchSessionHandler - [Consumer clientId=consumer-analytics-group-2, groupId=analytics-group] Error sending fetch request (sessionId=1887201872, epoch=INITIAL) to node 3:
org.apache.kafka.common.errors.DisconnectException: null
2026-04-06 11:26:03.132 [kafka-producer-network-thread | producer-1] INFO  o.apache.kafka.clients.NetworkClient - [Producer clientId=producer-1] Node 1 disconnected.
2026-04-06 11:26:03.132 [kafka-producer-network-thread | producer-1] WARN  o.apache.kafka.clients.NetworkClient - [Producer clientId=producer-1] Connection to node 1 (localhost/127.0.0.1:9092) could not be established. Node may not be available.
